INSERT INTO Game VALUES
	("nd2egvd0","Sly Cooper and the Thievius Raccoonus"),
	("4d79zg17","Sly 2: Band of Thieves"),
	("9d3rkgdl","Sly 3: Honor Among Thieves"),
	("o1y9526q","Sly Cooper: Thieves in Time");
INSERT INTO Category VALUES
	("02q8ly2y","Any%","nd2egvd0"),
	("wk61pexd","All Keys","nd2egvd0"),
	("7kj1gx3k","All Vaults","nd2egvd0"),
	("824mrw25","100%","nd2egvd0"),
	("zd3l8ydn","Any%","4d79zg17"),
	("9kvj7jkg","100%","4d79zg17"),
	("9d8jx7kn","Any%","9d3rkgdl"),
	("zdnz07dq","100%","9d3rkgdl"),
	("5dwy8nkg","Any%","o1y9526q"),
	("jdzpvgkv","100%","o1y9526q");
INSERT INTO Player VALUES
	("j0no4wm8","Gehis514"),
	("j52mr1gj","Arttery"),
	("qxk03em8","TaymNeon"),
	("jp496qyj","Stevens"),
	("48gerkyj","cinderkit55"),
	("8rpl153j","ItzBytez"),
	("8e9e2k7j","hdls"),
	("qjoyp90x","ExodusXanimate"),
	("18vkdmnj","Awrie"),
	("zx7vdovx","Alicemadness"),
	("v8l35028","Zenthrow"),
	("8qznm3q8","Faeotic"),
	("zxzg0prj","musicer13"),
	("8e9kvkoj","Chrisaw"),
	("8en5v7d8","BADRUMBADRUM"),
	("v8lp532j","Baconman12"),
	("1y8ddm86","mikl"),
	("jnz0z2dj","Knuutti"),
	("86vrz55j","D13ter"),
	("8enyo5o8","ryyd"),
	("68wlkzqj","TG"),
	("8wllnovj","slinq17"),
	("zx7ez668","SuperVillainDoom"),
	("48g5e47j","Remo"),
	("5j5z61wj","Nave357"),
	("68w916qj","TheKenPowers"),
	("xkmwpg7j","Mapiotho"),
	("j5veyzg8","VinnyMe"),
	("8gewqv7j","chargozard"),
	("kj9dm9ox","97ames"),
	("86vkyqpj","Chimpy"),
	("x3mg9578","jamespoli"),
	("jn3v9v2x","ozzyt10"),
	("jo312n0j","frizz"),
	("7j40g581","HuntedCast"),
	("8d397ylx","SnowBuried"),
	("zx7wmw68","Oggyerino"),
	("68wk4ov8","Suappi"),
	("8qr1e4oj","YamadaTV"),
	("j2y3m7n8","aslov"),
	("xko17l68","Crystls"),
	("v813vdlx","hoagiepops"),
	("qjneo92j","Luukie13"),
	("8q3p5moj","kaM1"),
	("7j4nzdx1","fenceturtle"),
	("jmok4kz8","Turk"),
	("e8e5mp78","Chimforce"),
	("xy5kvln8","Olbap"),
	("18v99exl","omfgitstrev"),
	("0jmmkq4j","InfernOwl"),
	("zxzd590j","Avatarinator"),
	("y8dk4y5j","Slysonic"),
	("jmllgnz8","zyntixboi"),
	("v8l050r8","Zic3"),
	("kj9kqw84","AniMeowzerz"),
	("8r7gd1qj","tuke"),
	("x3q37qqj","Kyylä"),
	("qjnkd1wj","Valokk666"),
	("8dgkklm8","Bando_God"),
	("j2yeyv68","James352"),
	("68w2nyq8","Bintendo"),
	("y8dk3lgj","CrispyCrunchy"),
	("48grkyxp","Gnist"),
	("jmp3w3ej","ElasticoDK"),
	("xz7o3o4j","SmR2105"),
	("xz9vvz08","Bvr"),
	("xk4zz3mj","Plisno"),
	("8v56pl2j","TheGandyMan"),
	("qjo1dr7x","MajorMushu"),
	("98rd11qj","thisisnotjake"),
	("kjp0ory8","justnico235"),
	("863dyd58","NeilLegend"),
	("xylen3vj","ATPOW"),
	("kj96gn7j","Alekhine"),
	("18vkwyjl","Gamecuber"),
	("jo3koylj","Afonsk8"),
	("8dwe7ylj","Beno68"),
	("0jm3v6z8","LSJay"),
	("x35q3w7j","deathseaotter"),
	("8e9wn6pj","ImRealgold"),
	("8ge0zmrj","ShadowZ896"),
	("x355qw7j","The_Stellar"),
	("98rv3qj1","Roda"),
	("8rpym73j","ImmortalBam"),
	("x7q2gqr8","Phobos_"),
	("kjp60ry8","K_BillTV"),
	("j031rr4j","Trotzzz"),
	("qjnlpv2x","PrinceFootstool"),
	("8enplz78","GRAYWOLF227"),
	("qj2z2poj","ShrimpiiBoii"),
	("kjpmpy0j","Eyerhonic"),
	("8d0r379x","pumptehboss"),
	("18v1goe8","Jorge_1254"),
	("zxzygl4j","smartalec24"),
	("8rp6nvgj","M29S"),
	("qj20d6xk","Thextera"),
	("xyoz59wj","takae"),
	("8qzndvw8","zotlann"),
	("48g0vm7x","Kitsune_Cavalry"),
	("kjpgz7kj","Snugggles"),
	("8geg15yj","AJDaLobster"),
	("j0n4d1r8","Hurdles"),
	("qxkokr28","Lomaykay"),
	("8lp9e94j","Full_Hoss"),
	("0jmpkoj1","Sharo"),
	("dx3vnn28","Prismaweasel"),
	("3qjno2xm","PhoenixAki"),
	("jnzr9w1j","Jerem"),
	("xy5qd3y8","PokeJaki"),
	("dx3690qx","inK67"),
	("8q3z0r0j","NewCale"),
	("pj06y3jw","Butterlord"),
	("8dwm03gj","Kat1650"),
	("dx3wgqjl","alekzoz"),
	("y8d2k4lj","Firestarrox"),
	("v8lwkr7x","Alberona"),
	("jo32re0j","tsparkles"),
	("8e6yr36j","Mattyv747"),
	("816o39rx","aojg"),
	("8vk427yj","PerGerr"),
	("xz9n3kr8","spankyharpsichord"),
	("8vk3odej","Rusok"),
	("8vkrnyej","jaflanman"),
	("18qz4rw8","NickAbc423"),
	("1xy505w8","OddsomeOddy"),
	("qxk4r9j0","Ricky"),
	("jmlpk248","swayyy"),
	("0jmepex1","Goglabesh"),
	("5j554gjv","UberNero"),
	("18vqymyj","Loxxy"),
	("pj0rzwjw","Zetrile"),
	("qjon7086","NicoHDjr"),
	("zx7mnrx7","karmerz"),
	("98rk776x","icantpronouncethis"),
	("jn9ol4qx","satiil"),
	("98rpyw3j","UmbraNoti"),
	("kjpr7148","Nitram2342"),
	("y8dmwml8","Halogen"),
	("zx7zqor8","vfaergestad"),
	("qxk10m9j","Talvi"),
	("v81do38p","esper_ramuh"),
	("zx7690j7","YaBoyBTrue"),
	("kjp66408","BunnyP0werSR"),
	("kj965k7j","revrat198"),
	("kjp2o44x","Professer"),
	("pj060v9j","BassRemedy"),
	("qjnrl6qx","Ebros_Gamer"),
	("jmlw2448","Mikaeeeel"),
	("v81vd958","Snufkin"),
	("v8l3eq48","SRGTsilent"),
	("x3qnn5ej","123sober"),
	("eo86lp8z","Rallis"),
	("5j5qy1zj","knightfall216"),
	("7j4y4emj","powerman"),
	("dx3e7kjl","Raikaru"),
	("0jm6d6z8","dotj"),
	("68wkop48","Nittro"),
	("zx7m10x7","mashy"),
	("qxkqw6x0","Sly1020"),
	("j2y69ln8","yunezpossuz"),
	("v8l1w07j","Knightmare"),
	("18q39y0j","Jipetto"),
	("jmp5rynj","LilGuyRy"),
	("qjnm1p48","BlackAtrezZ"),
	("98rpmodj","jjstuec"),
	("7j42orvx","Vesu"),
	("5j5pg0z8","MatthewMarshall"),
	("xz9p6e98","pkr_00"),
	("8e9gw32j","Bassfren"),
	("18qon27j","Jonda"),
	("18v2lyjl","Laseki"),
	("0jm763yj","EdamameTV"),
	("68wmzyvx","TheIbukiMioda"),
	("7j4vr4dj","Wolfgang"),
	("86vv3wqj","TumppiPS"),
	("qjozdqe8","Psych0sis"),
	("j92kll78","ShyKopper"),
	("98rke3x1","GuardJaeger"),
	("qxk1kqmj","hiiri"),
	("863rvy38","DamianDragon"),
	("x7q4mv68","knicefive"),
	("98rpndj1","RSR"),
	("qj2zp6oj","stswenson"),
	("68wezwv8","hekksu"),
	("1xyzqnv8","MooshSen"),
	("xk46y12j","Avain"),
	("v81poqp8","Mavi"),
	("zx7vml0x","batharara"),
	("y8deklj6","Msa9898"),
	("814pmq38","MisuW"),
	("jn9rk72x","Are_"),
	("qj267elx","Sylvaneon"),
	("8vk0n12j","Ostrava"),
	("8e9rvq2j","VIPA97"),
	("zx7mk66x","MKBlast"),
	("pj0lm3mj","Bbbbbbacon12"),
	("dx3ym3e8","Sugaku"),
	("8vomkqnx","jxm32"),
	("1xyd2zxr","Sicknifini"),
	("86vmzyqj","Wrldwdegamer"),
	("x35313ej","MachoFishRandySalmon"),
	("jn3057dx","AslaQ_"),
	("18qwnyq8","BoltSpider"),
	("v8l9m4r8","Scorpob"),
	("wzx79rj7","ZtarZtorm"),
	("48g3myxp","callmeliam"),
	("j5qed36j","Whosh"),
	("e8elyy6j","DangerNick"),
	("kj95nov8","danuzz"),
	("zx740vx7","Shynia96"),
	("qxkg1gkj","Andy0"),
	("8r7m223j","Gems"),
	("8e9m9noj","Alaapo"),
	("j4rwv2m8","Hexus"),
	("8wlog13j","Sexxor"),
	("8vkmyd2j","ToshiWash"),
	("j42dg3vx","ukir1234"),
	("18q1gewx","Walluz"),
	("zx7yylrx","jonsku1"),
	("qj29glox","reiska6"),
	("j5wp54nj","dany_cart"),
	("pj034mwj","Sin"),
	("o866op8z","chibizer0"),
	("18q3o3dj","BellumZeldaDS"),
	("jn32w54x","Olivier8196"),
	("y8d4wm86","Nikneim"),
	("gpj0r3jw","SerSanju"),
	("zxz7ldnj","RappingPandazOG"),
	("j4rvwqw8","GooseTheMovie"),
	("j4qd3pvx","GamePrime");
INSERT INTO Run VALUES
	("m72005wz",1936,"2023-02-18","02q8ly2y","j0no4wm8"),
	("y6oxjk6y",1954,"2023-02-08","02q8ly2y","j52mr1gj"),
	("ydrelpvz",2033,"2021-05-17","02q8ly2y","qxk03em8"),
	("zx8461em",2066,"2022-08-05","02q8ly2y","jp496qyj"),
	("yw6v0ppm",2083,"2022-08-22","02q8ly2y","48gerkyj"),
	("y47r2dqy",2106,"2021-08-27","02q8ly2y","8rpl153j"),
	("ylqr182z",2109,"2021-05-17","02q8ly2y","8e9e2k7j"),
	("y8v6ldnz",2142,"2021-03-02","02q8ly2y","qjoyp90x"),
	("y91o6rem",2183,"2020-09-08","02q8ly2y","18vkdmnj"),
	("zpdjrrvz",2183,"2022-09-11","02q8ly2y","zx7vdovx"),
	("z1oej3jm",2188,"2021-01-04","02q8ly2y","v8l35028"),
	("m338q6dm",2199,"2022-07-16","02q8ly2y","8qznm3q8"),
	("mrnk328y",2224,"2021-08-16","02q8ly2y","zxzg0prj"),
	("y827pdxy",2254,"2020-08-25","02q8ly2y","8e9kvkoj"),
	("me15e40y",2256,"2022-11-10","02q8ly2y","8en5v7d8"),
	("yjdnk83y",2270,"2022-11-20","02q8ly2y","v8lp532j"),
	("ylq4k1rz",2282,"2021-04-18","02q8ly2y","1y8ddm86"),
	("zgp6po0z",2285,"2022-07-06","02q8ly2y","jnz0z2dj"),
	("yv1p85xy",2286,"2021-06-10","02q8ly2y","86vrz55j"),
	("yod1o70m",2318,"2022-11-23","02q8ly2y","8enyo5o8"),
	("zn0xo68y",2329,"2021-10-15","02q8ly2y","68wlkzqj"),
	("z53qxxey",2335,"2021-01-05","02q8ly2y","8wllnovj"),
	("ydr483qz",2341,"2021-06-26","02q8ly2y","zx7ez668"),
	("zp2kn0vy",2341,"2022-01-17","02q8ly2y","48g5e47j"),
	("z07rn09y",2363,"2021-08-28","02q8ly2y","5j5z61wj"),
	("mej7840y",2384,"2022-01-05","02q8ly2y","68w916qj"),
	("yjd34pgy",2385,"2022-08-08","02q8ly2y","xkmwpg7j"),
	("z52d10nz",2410,"2022-05-17","02q8ly2y","j5veyzg8"),
	("z0lr9q9z",2423,"2022-08-23","02q8ly2y","8gewqv7j"),
	("yd5eglxm",2428,"2020-05-25","02q8ly2y","kj9dm9ox"),
	("zgvj7w0z",2455,"2020-12-15","02q8ly2y","86vkyqpj"),
	("zq0pnr8y",2470,"2022-02-16","02q8ly2y","x3mg9578"),
	("zn1ro97m",2487,"2021-04-23","02q8ly2y","jn3v9v2x"),
	("yd0wxd0z",2491,"2020-11-10","02q8ly2y","jo312n0j"),
	("y82e1l5y",2492,"2020-05-22","02q8ly2y","7j40g581"),
	("yvrp8poz",2505,"2022-06-14","02q8ly2y","8d397ylx"),
	("y6d0gjpm",2519,"2021-05-28","02q8ly2y","zx7wmw68"),
	("y2jveg6z",2544,"2023-01-08","02q8ly2y","68wk4ov8"),
	("yjdpj8oy",2546,"2022-09-03","02q8ly2y","8qr1e4oj"),
	("mejrw12y",2550,"2022-03-31","02q8ly2y","j2y3m7n8"),
	("yd0l99xz",2560,"2020-12-11","02q8ly2y","xko17l68"),
	("znrg17ly",2576,"2020-01-22","02q8ly2y","v813vdlx"),
	("z5jwq2nm",2576,"2020-08-03","02q8ly2y","qjneo92j"),
	("yj569q3m",2576,"2021-08-20","02q8ly2y","8q3p5moj"),
	("z01093jy",2580,"2020-01-20","02q8ly2y","7j4nzdx1"),
	("y918nenm",2608,"2020-11-19","02q8ly2y","jmok4kz8"),
	("y90757ny",2619,"2020-04-01","02q8ly2y","e8e5mp78"),
	("yjlrj7oz",2623,"2020-08-10","02q8ly2y","xy5kvln8"),
	("y6lj0v1y",2631,"2020-01-23","02q8ly2y","18v99exl"),
	("z010598y",2635,"2020-01-20","02q8ly2y","0jmmkq4j"),
	("z158xx9y",2635,"2020-05-09","02q8ly2y","zxzd590j"),
	("z5vjlvjm",2636,"2021-11-12","02q8ly2y","y8dk4y5j"),
	("y8exl7dy",2638,"2021-09-19","02q8ly2y","jmllgnz8"),
	("y9ld12ey",2642,"2022-02-15","02q8ly2y","v8l050r8"),
	("mr9vpn2m",2650,"2020-12-09","02q8ly2y","kj9kqw84"),
	("z53q0ojy",2660,"2021-01-05","02q8ly2y","8r7gd1qj"),
	("ydwqqvxm",2677,"2021-12-05","02q8ly2y","x3q37qqj"),
	("mrk4w64y",2680,"2020-05-14","02q8ly2y","qjnkd1wj"),
	("ywv6pnnz",2683,"2023-02-04","02q8ly2y","8dgkklm8"),
	("yv1xk9ey",2697,"2021-06-22","02q8ly2y","j2yeyv68"),
	("znqgll7z",2700,"2022-10-23","02q8ly2y","68w2nyq8"),
	("znp83k9m",2720,"2022-04-09","02q8ly2y","y8dk3lgj"),
	("y65do61z",2730,"2020-05-19","02q8ly2y","48grkyxp"),
	("m3nkvrwy",2753,"2021-03-05","02q8ly2y","jmp3w3ej"),
	("mr42egdz",2755,"2021-03-03","02q8ly2y","xz7o3o4j"),
	("yv2d4o4m",2767,"2021-04-01","02q8ly2y","xz9vvz08"),
	("znoqxq3y",2790,"2021-02-22","02q8ly2y","xk4zz3mj"),
	("z05ox4om",2797,"2020-06-01","02q8ly2y","8v56pl2j"),
	("znkn4l9z",2800,"2020-08-23","02q8ly2y","qjo1dr7x"),
	("yo35x3dy",2804,"2020-12-27","02q8ly2y","98rd11qj"),
	("yj3qgndz",2806,"2020-01-22","02q8ly2y","kjp0ory8"),
	("yv0955ez",2809,"2022-08-17","02q8ly2y","863dyd58"),
	("yop91wjm",2817,"2022-05-13","02q8ly2y","xylen3vj"),
	("mk3enr1z",2856,"2020-05-26","02q8ly2y","kj96gn7j"),
	("zgw74l0y",2861,"2020-04-15","02q8ly2y","18vkwyjl"),
	("z5vx5rjm",2885,"2022-01-23","02q8ly2y","jo3koylj"),
	("zp38p4nm",2927,"2021-02-10","02q8ly2y","8dwe7ylj"),
	("yj3evggz",2930,"2020-01-18","02q8ly2y","0jm3v6z8"),
	("zqwg8g8z",2934,"2020-05-13","02q8ly2y","x35q3w7j"),
	("yd5oe4jm",2952,"2020-08-06","02q8ly2y","8e9wn6pj"),
	("z079v08y",2963,"2021-08-21","02q8ly2y","8ge0zmrj"),
	("yo9q0j7y",2973,"2021-03-15","02q8ly2y","x355qw7j"),
	("zgd0gp0z",2976,"2022-03-17","02q8ly2y","98rv3qj1"),
	("y91o6n2m",2980,"2020-09-07","02q8ly2y","8rpym73j"),
	("z0p8lg8y",3020,"2022-06-30","02q8ly2y","x7q2gqr8"),
	("y823805y",3031,"2020-03-27","02q8ly2y","kjp60ry8"),
	("y8egv51y",3059,"2021-10-27","02q8ly2y","j031rr4j"),
	("yo2el57z",3079,"2019-02-23","02q8ly2y","qjnlpv2x"),
	("ydd2q6vy",3116,"2022-06-17","02q8ly2y","8enplz78"),
	("yojn787m",3130,"2019-11-16","02q8ly2y","qj2z2poj"),
	("zgwx6w0y",3132,"2020-05-13","02q8ly2y","kjpmpy0j"),
	("y801xwnm",3165,"2022-12-20","02q8ly2y","8d0r379x"),
	("y8egp7ny",3168,"2021-10-30","02q8ly2y","18v1goe8"),
	("y92x08nz",3188,"2018-11-02","02q8ly2y","zxzygl4j"),
	("yokg411z",3200,"2020-08-17","02q8ly2y","8rp6nvgj"),
	("znkr563z",3205,"2020-04-21","02q8ly2y","qj20d6xk"),
	("y96kr7ey",3234,"2023-02-25","02q8ly2y","xyoz59wj"),
	("yv6ldloz",3242,"2020-07-14","02q8ly2y","8qzndvw8"),
	("y4w3r9qm",3247,"2020-04-09","02q8ly2y","48g0vm7x"),
	("meoq138z",3247,"2020-08-25","02q8ly2y","kjpgz7kj"),
	("mk8jx91m",3292,"2021-01-11","02q8ly2y","8geg15yj"),
	("y91ornem",3306,"2020-09-10","02q8ly2y","j0n4d1r8"),
	("y6lqnr6y",3312,"2019-12-01","02q8ly2y","qxkokr28"),
	("yvr1o6ez",3320,"2022-05-14","02q8ly2y","8lp9e94j"),
	("y239e29m",3362,"2017-04-09","02q8ly2y","0jmpkoj1"),
	("yd6w6l0z",3425,"2019-09-12","02q8ly2y","dx3vnn28"),
	("m7qldwwz",3433,"2020-01-22","02q8ly2y","3qjno2xm"),
	("yjxlwq3z",3452,"2021-12-25","02q8ly2y","jnzr9w1j"),
	("m36rg0dm",3453,"2022-01-05","02q8ly2y","xy5qd3y8"),
	("yv6rreez",3459,"2020-06-07","02q8ly2y","dx3690qx"),
	("zn1g6j3m",3487,"2021-06-29","02q8ly2y","8q3z0r0j"),
	("z5o5kkgy",3499,"2017-04-11","02q8ly2y","pj06y3jw"),
	("z0923xez",3519,"2020-12-28","02q8ly2y","8dwm03gj"),
	("yl008d3y",3574,"2019-07-06","02q8ly2y","dx3wgqjl"),
	("ywvd1v3z",3627,"2022-12-31","02q8ly2y","y8d2k4lj"),
	("yojknv1m",3628,"2019-07-13","02q8ly2y","v8lwkr7x"),
	("y21o4e7z",3690,"2020-03-12","02q8ly2y","jo32re0j"),
	("y8j68pxz",3755,"2022-02-03","02q8ly2y","8e6yr36j"),
	("y664drqy",3767,"2021-03-28","02q8ly2y","816o39rx"),
	("zq1vddxm",3809,"2021-05-17","02q8ly2y","8vk427yj"),
	("y65qrv1z",3829,"2020-07-03","02q8ly2y","xz9n3kr8"),
	("me9rqj0z",3846,"2021-04-09","02q8ly2y","8vk3odej"),
	("zx6e788z",3859,"2021-04-06","02q8ly2y","8vkrnyej"),
	("0y6j586m",3880,"2016-11-14","02q8ly2y","18qz4rw8"),
	("oy2w7w6y",3891,"2016-09-18","02q8ly2y","1xy505w8"),
	("z0ewp3jm",3898,"2017-04-07","02q8ly2y","qxk4r9j0"),
	("zgg4jxez",3909,"2021-07-22","02q8ly2y","jmlpk248"),
	("mk44pe5y",3932,"2017-05-04","02q8ly2y","0jmepex1"),
	("ywpk8g9z",4055,"2018-09-20","02q8ly2y","5j554gjv"),
	("zprlrdvm",4074,"2020-05-02","02q8ly2y","18vqymyj"),
	("pm3g40wz",4160,"2015-08-03","02q8ly2y","pj0rzwjw"),
	("jy9knnz4",4172,"2014-08-25","02q8ly2y","qjon7086"),
	("emkk9w1m",4202,"2015-02-08","02q8ly2y","zx7mnrx7"),
	("zq62kexy",4219,"2014-07-11","02q8ly2y","98rk776x"),
	("yl1k0ekm",4249,"2022-08-12","02q8ly2y","jn9ol4qx"),
	("pzgpe0nz",4359,"2016-02-21","02q8ly2y","98rpyw3j"),
	("9yop7d1m",4395,"2016-02-14","02q8ly2y","kjpr7148"),
	("zq3ojj8y",4396,"2019-04-09","02q8ly2y","y8dmwml8"),
	("zg7w88dz",4398,"2018-07-12","02q8ly2y","zx7zqor8"),
	("zn4ko07m",4398,"2018-07-25","02q8ly2y","qxk10m9j"),
	("1zxdowky",4426,"2015-07-11","02q8ly2y","v81do38p"),
	("m3dd0dgz",4431,"2017-05-03","02q8ly2y","zx7690j7"),
	("yd07e7vz",4544,"2021-01-06","02q8ly2y","kjp66408"),
	("oy2gpnwz",4595,"2016-06-15","02q8ly2y","kj965k7j"),
	("mrr4p8dm",4744,"2022-08-22","02q8ly2y","kjp2o44x"),
	("y6774kpm",4748,"2017-05-08","02q8ly2y","pj060v9j"),
	("m3on856m",4754,"2018-08-31","02q8ly2y","qjnrl6qx"),
	("y9l6dpey",4849,"2022-01-21","02q8ly2y","jmlw2448"),
	("ydqjvrjm",4890,"2017-12-22","02q8ly2y","v81vd958"),
	("yj4o2doy",4913,"2019-01-15","02q8ly2y","v8l3eq48"),
	("mkgl3gvy",4946,"2021-04-09","02q8ly2y","x3qnn5ej"),
	("z1j1ve7z",4992,"2019-06-20","02q8ly2y","eo86lp8z"),
	("y677626m",5011,"2017-04-26","02q8ly2y","5j5qy1zj"),
	("y4ev98nm",5049,"2020-12-28","02q8ly2y","7j4y4emj"),
	("9me8rq3m",5117,"2015-03-14","02q8ly2y","dx3e7kjl"),
	("mek915qm",5220,"2017-08-03","02q8ly2y","0jm6d6z8"),
	("mk4pqjvy",5230,"2018-01-19","02q8ly2y","68wkop48"),
	("9yopd2dm",5299,"2016-02-17","02q8ly2y","zx7m10x7"),
	("7ylgqdnm",5506,"2017-03-13","02q8ly2y","qxkqw6x0"),
	("z014dwey",5544,"2020-02-27","02q8ly2y","j2y69ln8"),
	("yw42lr3z",5548,"2020-01-28","02q8ly2y","v8l1w07j"),
	("6yjqx67m",6010,"2016-11-21","02q8ly2y","18q39y0j"),
	("y277w17z",6842,"2021-08-30","02q8ly2y","jmp5rynj"),
	("meo36v3z",10388,"2020-06-06","02q8ly2y","qjnm1p48"),
	("z1qkx9wy",3531,"2023-02-21","wk61pexd","j0no4wm8"),
	("z1q9607y",3604,"2023-02-14","wk61pexd","j52mr1gj"),
	("mejwng0y",3757,"2022-02-15","wk61pexd","v8l35028"),
	("zq49o8xm",3800,"2020-11-19","wk61pexd","qxk03em8"),
	("z18n4djy",3923,"2021-03-13","wk61pexd","qjoyp90x"),
	("znokl1vy",3981,"2021-01-29","wk61pexd","18vkdmnj"),
	("m76v9d5y",4008,"2022-07-07","wk61pexd","jp496qyj"),
	("m35vdegy",4045,"2020-07-28","wk61pexd","8e9e2k7j"),
	("y2d0jp9z",4067,"2020-11-07","wk61pexd","48gerkyj"),
	("m7w07w4z",4079,"2022-02-01","wk61pexd","zx7vdovx"),
	("z0l8pqoz",4118,"2022-10-12","wk61pexd","8enyo5o8"),
	("mree134y",4133,"2019-06-27","wk61pexd","48g5e47j"),
	("zqre0p8y",4174,"2019-11-03","wk61pexd","zx7wmw68"),
	("mkv551xy",4181,"2023-01-19","wk61pexd","v8lp532j"),
	("y6dlv1pm",4187,"2021-04-24","wk61pexd","98rpmodj"),
	("yl7q6lkm",4246,"2022-05-16","wk61pexd","jnz0z2dj"),
	("zq4l1e5m",4312,"2021-01-04","wk61pexd","8wllnovj"),
	("y2d018wz",4327,"2020-11-05","wk61pexd","8rpl153j"),
	("z0750e9y",4356,"2021-08-15","wk61pexd","5j5z61wj"),
	("y2vw5ewz",4395,"2021-03-10","wk61pexd","18v99exl"),
	("zq4pojrm",4399,"2020-12-23","wk61pexd","86vkyqpj"),
	("yvjl054y",4408,"2019-01-14","wk61pexd","v813vdlx"),
	("z078wwoy",4477,"2021-10-19","wk61pexd","68wlkzqj"),
	("m36xq1qm",4558,"2022-01-24","wk61pexd","86vrz55j"),
	("mrrv48dm",4570,"2022-10-01","wk61pexd","y8dk4y5j"),
	("m721d3wz",4610,"2022-11-27","wk61pexd","68wk4ov8"),
	("mk5j9g5m",4616,"2021-11-23","wk61pexd","j2yeyv68"),
	("yd040nwz",4620,"2020-12-20","wk61pexd","8gewqv7j"),
	("zqw84j8z",4629,"2020-07-04","wk61pexd","zxzd590j"),
	("y8q4wg5y",4662,"2018-04-12","wk61pexd","zxzygl4j"),
	("zp4p62xz",4688,"2019-12-07","wk61pexd","qj2z2poj"),
	("zn0d4v3y",4721,"2021-11-24","wk61pexd","863dyd58"),
	("meooreqz",4726,"2020-04-30","wk61pexd","18vkwyjl"),
	("m3dxlqgz",4731,"2017-11-13","wk61pexd","1y8ddm86"),
	("m33vj1qm",4739,"2022-07-06","wk61pexd","68w916qj"),
	("yl7g843m",4781,"2022-07-26","wk61pexd","xylen3vj"),
	("y89xpxdm",4797,"2018-11-14","wk61pexd","qjnlpv2x"),
	("m3gj0pqz",4819,"2020-12-13","wk61pexd","kj9kqw84"),
	("zgvjjqez",4844,"2020-12-18","wk61pexd","8v56pl2j"),
	("mrqqxn7y",4875,"2017-05-04","wk61pexd","pj06y3jw"),
	("mr13xedz",4903,"2021-07-22","wk61pexd","98rv3qj1"),
	("z0lo938z",4946,"2022-08-29","wk61pexd","8qr1e4oj"),
	("zx21vpkm",4948,"2020-08-23","wk61pexd","qjo1dr7x"),
	("y66xge6y",4980,"2021-02-22","wk61pexd","8geg15yj"),
	("mkgxj01y",5002,"2021-07-09","wk61pexd","x3q37qqj"),
	("yl4wedrm",5004,"2019-04-07","wk61pexd","7j42orvx"),
	("y215vowz",5032,"2019-07-11","wk61pexd","v8lwkr7x"),
	("m75pp5ez",5042,"2020-09-19","wk61pexd","8qznm3q8"),
	("y6p4l61m",5151,"2019-04-02","wk61pexd","48g0vm7x"),
	("mr1nqd7z",5170,"2021-05-14","wk61pexd","xz9vvz08"),
	("zq93911y",5212,"2022-08-06","wk61pexd","xkmwpg7j"),
	("yo7d6p0m",5215,"2021-05-30","wk61pexd","8rpym73j"),
	("yjldvwgz",5309,"2020-06-16","wk61pexd","18q39y0j"),
	("m7508lwz",5321,"2020-11-19","wk61pexd","jmok4kz8"),
	("m35llldy",5323,"2020-06-22","wk61pexd","x35q3w7j"),
	("zn37eo8y",5356,"2020-11-07","wk61pexd","98rd11qj"),
	("y920nxez",5470,"2018-07-25","wk61pexd","qxk10m9j"),
	("y6orvg1y",5594,"2022-05-17","wk61pexd","jo312n0j"),
	("zqrkjd5y",5837,"2019-05-23","wk61pexd","y8dk3lgj"),
	("mre529gy",6251,"2020-02-05","wk61pexd","5j5pg0z8"),
	("y48ngpkm",6517,"2022-02-07","wk61pexd","kjpgz7kj"),
	("m7x949wy",6635,"2022-08-01","wk61pexd","7j4y4emj"),
	("yv92568z",6725,"2020-10-23","wk61pexd","xz9p6e98"),
	("y4x0wvnz",6944,"2022-10-25","wk61pexd","68w2nyq8"),
	("znp1dr3m",7221,"2022-05-15","wk61pexd","8e9gw32j"),
	("ydqj1wxm",7309,"2017-11-27","wk61pexd","18qon27j"),
	("yl4d61xm",7311,"2019-01-15","wk61pexd","v8l3eq48"),
	("m351nvgy",7367,"2020-04-17","wk61pexd","68wkop48"),
	("pm34x9gz",7441,"2014-02-09","wk61pexd","18v2lyjl"),
	("y6rqgljy",7494,"2020-12-03","wk61pexd","0jm763yj"),
	("z156qljy",7537,"2020-07-31","wk61pexd","68wmzyvx"),
	("yo4le4jm",7871,"2017-12-05","wk61pexd","7j4vr4dj"),
	("mej616qy",7908,"2021-12-29","wk61pexd","86vv3wqj"),
	("z5onlrjy",7921,"2018-03-30","wk61pexd","qjozdqe8"),
	("6yjnj3gm",8338,"2017-03-08","wk61pexd","qxkqw6x0"),
	("meoojo8z",8686,"2020-04-26","wk61pexd","j92kll78"),
	("zx438k5y",9418,"2018-12-13","wk61pexd","98rke3x1"),
	("y91j7lnm",9952,"2020-12-05","wk61pexd","qxk1kqmj"),
	("yjld0gnz",10107,"2020-06-18","wk61pexd","8rp6nvgj"),
	("y9xqjley",10187,"2022-11-11","wk61pexd","863rvy38"),
	("yj5rq77m",14399,"2021-11-10","wk61pexd","j5veyzg8"),
	("znqnjjvz",4124,"2022-11-08","7kj1gx3k","j0no4wm8"),
	("y9lp232y",4165,"2022-02-22","7kj1gx3k","v8l35028"),
	("yj6g1rnz",4196,"2020-10-25","7kj1gx3k","qxk03em8"),
	("zn77x8vm",4215,"2022-01-16","7kj1gx3k","qjoyp90x"),
	("yjd82ogy",4394,"2022-09-15","7kj1gx3k","8enyo5o8"),
	("y9x70gey",4452,"2022-08-02","7kj1gx3k","jnz0z2dj"),
	("y8r39nxm",4526,"2020-09-05","7kj1gx3k","8e9e2k7j"),
	("y8vkq3dz",4697,"2021-02-12","7kj1gx3k","zx7vdovx"),
	("mr48rj8z",4751,"2021-01-20","7kj1gx3k","8rpl153j"),
	("z1o289jm",4757,"2020-10-28","7kj1gx3k","18vkdmnj"),
	("y2p8x2wz",4835,"2022-07-05","7kj1gx3k","y8dk4y5j"),
	("y9150lkm",4851,"2020-09-27","7kj1gx3k","xko17l68"),
	("z18o8g7y",4932,"2021-01-28","7kj1gx3k","86vkyqpj"),
	("zp2v6ony",4943,"2022-03-13","7kj1gx3k","jp496qyj"),
	("y908qnny",4974,"2020-07-01","7kj1gx3k","48gerkyj"),
	("z0rj898z",5095,"2021-06-11","7kj1gx3k","86vrz55j"),
	("y65qnejz",5117,"2020-07-03","7kj1gx3k","zxzd590j"),
	("yj3128gz",5118,"2019-08-07","7kj1gx3k","48g5e47j"),
	("zpgnljxz",5167,"2022-11-26","7kj1gx3k","68wk4ov8"),
	("y8r73lxm",5227,"2021-01-03","7kj1gx3k","8wllnovj"),
	("z092oj8z",5316,"2020-12-29","7kj1gx3k","8gewqv7j"),
	("y825rk1y",5389,"2020-08-30","7kj1gx3k","8e9kvkoj"),
	("zpd8gd8z",5470,"2022-08-28","7kj1gx3k","xkmwpg7j"),
	("yo9jo5dy",5520,"2021-01-23","7kj1gx3k","xz9vvz08"),
	("yv9ox9ez",5626,"2020-11-02","7kj1gx3k","x7q4mv68"),
	("zx2oep5m",5903,"2020-05-28","7kj1gx3k","8dwe7ylj"),
	("mk83knlm",6209,"2020-10-07","7kj1gx3k","x35q3w7j"),
	("yv6d104z",6225,"2020-08-24","7kj1gx3k","qjo1dr7x"),
	("yd9310qz",6283,"2021-01-20","7kj1gx3k","8v56pl2j"),
	("y41w87dy",6604,"2019-07-11","7kj1gx3k","v8lwkr7x"),
	("m377j1gz",6879,"2021-08-30","7kj1gx3k","jmp5rynj"),
	("y2qljdjy",7442,"2019-05-07","7kj1gx3k","48g0vm7x"),
	("y20kk5wm",8552,"2022-02-09","7kj1gx3k","7j4y4emj"),
	("ywko252y",14399,"2021-11-10","7kj1gx3k","j5veyzg8"),
	("y4g9132y",6159,"2022-11-25","824mrw25","j0no4wm8"),
	("z53wpkdy",6190,"2020-12-21","824mrw25","qxk03em8"),
	("y88192ny",6197,"2022-04-20","824mrw25","v8l35028"),
	("y91g0pkm",6595,"2020-12-29","824mrw25","qjoyp90x"),
	("yd694xvz",6693,"2019-08-10","824mrw25","48g5e47j"),
	("yv0p8jez",6723,"2022-09-18","824mrw25","8enyo5o8"),
	("zgd8dnvz",6976,"2022-02-08","824mrw25","18vkdmnj"),
	("mk8g80lm",6979,"2020-10-25","824mrw25","8e9e2k7j"),
	("yd58wpvm",7032,"2020-03-25","824mrw25","zx7wmw68"),
	("z066qo8z",7046,"2021-02-02","824mrw25","zx7vdovx"),
	("m36qewwm",7078,"2022-02-05","824mrw25","v8l050r8"),
	("mr7x6p7z",7082,"2022-06-27","824mrw25","jnz0z2dj"),
	("m37qqx4z",7147,"2021-09-29","824mrw25","98rd11qj"),
	("zgxn91vm",7355,"2021-01-16","824mrw25","8wllnovj"),
	("mrq8lq4y",7384,"2017-05-22","824mrw25","0jmpkoj1"),
	("mr6wvd4m",7437,"2022-03-13","824mrw25","jp496qyj"),
	("y8ron3nm",7480,"2020-12-18","824mrw25","86vkyqpj"),
	("m3ddgowz",7511,"2017-04-24","824mrw25","qxk4r9j0"),
	("y6xq7oqy",7538,"2022-09-24","824mrw25","y8dk4y5j"),
	("z01999ey",7640,"2019-07-15","824mrw25","v8lwkr7x"),
	("znje843m",7651,"2023-02-20","824mrw25","xylen3vj"),
	("z1qd5xry",7675,"2022-11-26","824mrw25","68wk4ov8"),
	("zq4v1k5m",7765,"2020-11-01","824mrw25","xko17l68"),
	("y25k81wy",8030,"2020-07-05","824mrw25","zxzd590j"),
	("zg2kx0ey",8158,"2022-12-19","824mrw25","v8lp532j"),
	("yv3g2n8z",8526,"2019-06-02","824mrw25","48gerkyj"),
	("z5x3xrdy",8569,"2022-08-16","824mrw25","xkmwpg7j"),
	("y4w43pqm",8596,"2020-08-17","824mrw25","qjo1dr7x"),
	("7z0o3gez",8644,"2016-01-06","824mrw25","98rpndj1"),
	("0y6j9x1m",8672,"2016-11-19","824mrw25","18qz4rw8"),
	("1zxk3oqm",9100,"2015-07-10","824mrw25","18vkwyjl"),
	("yo20n30z",9148,"2019-01-14","824mrw25","zxzygl4j"),
	("mk8x30vm",9375,"2020-12-29","824mrw25","8v56pl2j"),
	("z11q18jz",9560,"2018-11-20","824mrw25","qjnlpv2x"),
	("zxljw98z",9866,"2022-02-22","824mrw25","5j5z61wj"),
	("mk4ljl1y",9932,"2017-04-19","824mrw25","qxk10m9j"),
	("zp9k5kxm",10327,"2022-07-02","824mrw25","7j4y4emj"),
	("yd094d0z",10453,"2020-10-22","824mrw25","x35q3w7j"),
	("z1o37o7m",10562,"2020-08-13","824mrw25","v813vdlx"),
	("y92v7dvz",11089,"2018-10-18","824mrw25","48g0vm7x"),
	("mk2nw6vm",12168,"2020-02-29","824mrw25","5j5pg0z8"),
	("7yllr3yp",12363,"2014-01-30","824mrw25","18v2lyjl"),
	("zn06g59y",14399,"2021-11-10","824mrw25","j5veyzg8"),
	("z51gklem",26014,"2019-01-28","824mrw25","qj2zp6oj"),
	("znqggklz",17154,"2022-10-22","zd3l8ydn","xz9vvz08"),
	("zgx6jqem",17311,"2021-03-20","zd3l8ydn","68wezwv8"),
	("mrrk9j4m",17453,"2022-08-11","zd3l8ydn","98rd11qj"),
	("m720jxwz",17471,"2023-02-19","zd3l8ydn","1xyzqnv8"),
	("z0l534jz",17662,"2022-08-12","zd3l8ydn","x7q2gqr8"),
	("zqvex79m",17767,"2021-09-24","zd3l8ydn","xko17l68"),
	("yoll3l0y",17798,"2023-02-10","zd3l8ydn","8enyo5o8"),
	("yw610pnm",17864,"2022-08-02","zd3l8ydn","xk46y12j"),
	("y215946z",17870,"2019-07-08","zd3l8ydn","48g5e47j"),
	("yoje3d7m",17880,"2020-01-21","zd3l8ydn","48grkyxp"),
	("y80jpvxm",17894,"2023-01-26","zd3l8ydn","v8lp532j"),
	("mr718ndz",17992,"2022-05-13","zd3l8ydn","jnz0z2dj"),
	("z1qx15gy",18030,"2023-01-18","zd3l8ydn","jo312n0j"),
	("m3xqx64m",18156,"2022-09-21","zd3l8ydn","y8dmwml8"),
	("z5r1joey",18191,"2021-04-18","zd3l8ydn","zx7wmw68"),
	("yv3v58oz",18500,"2019-12-08","zd3l8ydn","zxzd590j"),
	("mrn7q9gy",18512,"2021-09-10","zd3l8ydn","x3q37qqj"),
	("y2pkr29z",18569,"2022-06-20","zd3l8ydn","8v56pl2j"),
	("zxo1175z",18597,"2021-11-22","zd3l8ydn","jmok4kz8"),
	("y606e9qy",18688,"2022-05-10","zd3l8ydn","8rpl153j"),
	("yo9q6k0y",18781,"2021-03-14","zd3l8ydn","qxk03em8"),
	("mkg4n21y",18865,"2021-04-15","zd3l8ydn","86vkyqpj"),
	("y6loewqy",18870,"2019-11-06","zd3l8ydn","v8lwkr7x"),
	("z0p6xx4y",19037,"2022-05-10","zd3l8ydn","v81poqp8"),
	("yv8r264m",19266,"2023-01-29","zd3l8ydn","5j5z61wj"),
	("yv39jj6z",19391,"2019-07-21","zd3l8ydn","zx7vml0x"),
	("y89125nm",19506,"2018-07-10","zd3l8ydn","68wk4ov8"),
	("yo41rndm",19518,"2018-05-12","zd3l8ydn","1y8ddm86"),
	("mexkjd2z",19628,"2019-05-31","zd3l8ydn","v8l35028"),
	("z1j6pgjz",19687,"2020-01-23","zd3l8ydn","18v1goe8"),
	("yo4xkg0m",19778,"2018-01-27","zd3l8ydn","18vkwyjl"),
	("9mrp5p2z",19802,"2017-02-15","zd3l8ydn","kj96gn7j"),
	("y48l9vdm",19841,"2022-02-16","zd3l8ydn","xylen3vj"),
	("ydg6qqqy",19854,"2022-12-17","zd3l8ydn","8en5v7d8"),
	("yd1lwevy",19949,"2022-10-05","zd3l8ydn","y8dk4y5j"),
	("mk4eje5y",20026,"2017-10-12","zd3l8ydn","y8deklj6"),
	("yjporw3y",20145,"2022-06-24","zd3l8ydn","8e9e2k7j"),
	("y8rvj3nm",20300,"2020-10-20","zd3l8ydn","8e9wn6pj"),
	("y9lwl82y",20316,"2022-03-06","zd3l8ydn","814pmq38"),
	("y9v92w2m",20599,"2022-05-13","zd3l8ydn","jn9rk72x"),
	("yj4755ny",20992,"2019-03-07","zd3l8ydn","qj267elx"),
	("m3x0w8dm",21501,"2022-09-24","zd3l8ydn","8vk0n12j"),
	("yv8o7qxm",21536,"2023-01-14","zd3l8ydn","v8l050r8"),
	("zn1kpp8m",21592,"2021-04-27","zd3l8ydn","8e9rvq2j"),
	("zn8ekv8z",21612,"2017-12-30","zd3l8ydn","v81vd958"),
	("zxk3795m",21803,"2019-11-17","zd3l8ydn","68wkop48"),
	("z51knqdm",21997,"2019-01-05","zd3l8ydn","zx7mk66x"),
	("m7w894wz",22032,"2022-01-01","zd3l8ydn","7j4y4emj"),
	("y2qqg97y",22125,"2018-07-01","zd3l8ydn","pj0lm3mj"),
	("yw172d3z",22385,"2018-04-14","zd3l8ydn","zxzygl4j"),
	("y6n6jnqz",22529,"2021-12-31","zd3l8ydn","68w916qj"),
	("y9nnljez",22875,"2021-02-02","zd3l8ydn","86vrz55j"),
	("zgp244dz",23924,"2022-06-11","zd3l8ydn","dx3ym3e8"),
	("znpe208m",23972,"2022-06-20","zd3l8ydn","8vomkqnx"),
	("2ywr0gpm",24540,"2016-06-08","zd3l8ydn","1xyd2zxr"),
	("mro6j7gm",24723,"2023-01-21","zd3l8ydn","98rke3x1"),
	("zn0k2vly",24784,"2021-01-29","zd3l8ydn","48gerkyj"),
	("y6o053jy",25134,"2023-01-29","zd3l8ydn","86vmzyqj"),
	("mrrrpjgm",25310,"2022-09-13","zd3l8ydn","x35313ej"),
	("zqwqp81z",25598,"2020-07-19","zd3l8ydn","jn3057dx"),
	("y90nn3ey",26571,"2020-05-04","zd3l8ydn","xy5qd3y8"),
	("yoporo5m",27743,"2022-06-18","zd3l8ydn","18qwnyq8"),
	("z0o3j4ez",27864,"2021-12-14","zd3l8ydn","v8l9m4r8"),
	("8m737wy0",28311,"2013-11-11","zd3l8ydn","wzx79rj7"),
	("mej1jo9y",29031,"2022-01-01","zd3l8ydn","48g3myxp"),
	("mkvl223y",29382,"2022-11-26","zd3l8ydn","j5qed36j"),
	("y665eq1y",29820,"2021-01-28","zd3l8ydn","qjnm1p48"),
	("zxgp6p5y",30323,"2021-07-06","zd3l8ydn","e8elyy6j"),
	("zn3nvr7y",31675,"2020-12-31","zd3l8ydn","kj95nov8"),
	("6yj84rdm",32196,"2016-04-23","zd3l8ydn","zx740vx7"),
	("yjdjjlny",33653,"2022-07-28","zd3l8ydn","kjp2o44x"),
	("zq4x8o5m",35565,"2021-01-01","zd3l8ydn","qxkg1gkj"),
	("m37elvwz",18776,"2021-11-20","9kvj7jkg","98rd11qj"),
	("yj3g97dz",19144,"2019-08-22","9kvj7jkg","48g5e47j"),
	("z0p8gqey",19179,"2022-07-05","9kvj7jkg","jnz0z2dj"),
	("z50d9edy",19190,"2021-02-08","9kvj7jkg","xz9vvz08"),
	("y88dxqxy",19663,"2022-05-15","9kvj7jkg","x3q37qqj"),
	("z0rg3r4z",19680,"2021-07-14","9kvj7jkg","x7q2gqr8"),
	("y80v14xm",19825,"2023-01-06","9kvj7jkg","v8lp532j"),
	("yl94e7ry",20999,"2017-05-19","9kvj7jkg","48grkyxp"),
	("y8qorvny",21250,"2018-02-09","9kvj7jkg","68wk4ov8"),
	("y69d661y",22661,"2021-08-26","9kvj7jkg","y8dk4y5j"),
	("y9l804vy",22686,"2022-01-29","9kvj7jkg","7j4y4emj"),
	("zqr46q8y",26248,"2019-07-20","9kvj7jkg","1y8ddm86"),
	("yleo3x2z",28101,"2021-12-31","9kvj7jkg","zxzygl4j"),
	("9mr4kx7z",28382,"2015-08-15","9kvj7jkg","18vkwyjl"),
	("yw1e7qnz",29998,"2017-04-18","9kvj7jkg","zx7wmw68"),
	("y4878xdm",31133,"2022-01-11","9kvj7jkg","e8elyy6j"),
	("emk09jlz",32829,"2016-06-02","9kvj7jkg","qxkqw6x0"),
	("yj49wqny",52420,"2019-01-28","9kvj7jkg","qj2zp6oj"),
	("y602eg6y",21188,"2022-06-15","9d8jx7kn","jnz0z2dj"),
	("zp848pgy",21318,"2021-08-08","9d8jx7kn","48g5e47j"),
	("zxng7vkm",21525,"2023-01-14","9d8jx7kn","v8lp532j"),
	("y9336wey",21548,"2021-08-23","9d8jx7kn","zxzd590j"),
	("y9ng82kz",22025,"2021-03-24","9d8jx7kn","48grkyxp"),
	("yodked5m",22310,"2021-10-24","9d8jx7kn","8r7m223j"),
	("yoldjn5y",22500,"2023-02-04","9d8jx7kn","8e9m9noj"),
	("y93kpjey",22515,"2021-10-06","9d8jx7kn","xz9vvz08"),
	("y4883pnm",22550,"2021-11-26","9d8jx7kn","5j5z61wj"),
	("m72972wz",22883,"2022-12-02","9d8jx7kn","98rd11qj"),
	("y60n951y",22965,"2022-05-18","9d8jx7kn","8enyo5o8"),
	("yolk1g1y",23464,"2022-12-31","9d8jx7kn","j4rwv2m8"),
	("z1gv19rz",23785,"2022-10-11","9d8jx7kn","y8dk4y5j"),
	("y21573wz",24102,"2019-06-30","9d8jx7kn","y8dmwml8"),
	("z039108z",24210,"2018-08-06","9d8jx7kn","v8l35028"),
	("mkg2263y",24374,"2021-04-22","9d8jx7kn","8wlog13j"),
	("yw0ppdpm",24408,"2021-01-19","9d8jx7kn","qxk03em8"),
	("z03x9gez",24618,"2018-12-26","9d8jx7kn","zx7wmw68"),
	("yjgpl27y",24753,"2021-05-23","9d8jx7kn","xy5qd3y8"),
	("zgnl5xvy",24900,"2018-01-23","9d8jx7kn","qj267elx"),
	("yj1djkdy",24901,"2021-02-19","9d8jx7kn","8v56pl2j"),
	("yl9jj62y",25294,"2018-02-28","9d8jx7kn","68wk4ov8"),
	("y2qj6o7y",25370,"2018-12-03","9d8jx7kn","1y8ddm86"),
	("yj37l37z",25689,"2020-01-31","9d8jx7kn","qj2z2poj"),
	("y8q4grdy",26464,"2018-04-14","9d8jx7kn","zxzygl4j"),
	("y8qw1eny",26665,"2018-01-13","9d8jx7kn","18vkwyjl"),
	("pzggvxjz",26897,"2015-10-01","9d8jx7kn","y8deklj6"),
	("y92930kz",26930,"2018-09-07","9d8jx7kn","68wkop48"),
	("yjx496dz",27368,"2021-12-15","9d8jx7kn","8vkmyd2j"),
	("me74jo9y",27609,"2020-12-27","9d8jx7kn","7j4y4emj"),
	("mr4xpk7z",27658,"2020-12-27","9d8jx7kn","18v1goe8"),
	("yj4g56gy",27815,"2018-09-07","9d8jx7kn","98rke3x1"),
	("yw0xd5pm",27923,"2021-03-10","9d8jx7kn","j42dg3vx"),
	("m770we5m",27977,"2021-09-28","9d8jx7kn","e8elyy6j"),
	("yopq1n7m",28581,"2022-07-04","9d8jx7kn","86vmzyqj"),
	("nz1817gy",28851,"2015-08-12","9d8jx7kn","qxkqw6x0"),
	("meogx6qz",29106,"2020-07-16","9d8jx7kn","18q1gewx"),
	("me49o02y",30490,"2021-08-22","9d8jx7kn","zx7yylrx"),
	("yj15d8gy",30711,"2021-02-10","9d8jx7kn","qjnm1p48"),
	("ywpxj5pz",32311,"2019-01-19","9d8jx7kn","qj29glox"),
	("m7x1170y",32752,"2022-07-28","9d8jx7kn","kjp2o44x"),
	("y25l936y",33113,"2020-08-28","9d8jx7kn","j5wp54nj"),
	("2ywv4gpz",33516,"2016-04-24","9d8jx7kn","zx740vx7"),
	("zg2xq7jy",35756,"2023-01-06","9d8jx7kn","863rvy38"),
	("y60nedqy",24488,"2022-05-25","zdnz07dq","jnz0z2dj"),
	("z0r4v38z",24597,"2021-07-14","zdnz07dq","48g5e47j"),
	("yj38kpnz",25780,"2019-10-27","zdnz07dq","zxzd590j"),
	("mro1j4dm",25828,"2023-01-11","zdnz07dq","v8lp532j"),
	("ylq3vpnz",26169,"2021-04-09","zdnz07dq","48grkyxp"),
	("yopjew7m",26800,"2021-12-19","zdnz07dq","98rd11qj"),
	("z5drvl5m",28431,"2021-08-26","zdnz07dq","y8dk4y5j"),
	("z03n2goz",30405,"2018-12-03","zdnz07dq","1y8ddm86"),
	("zn8kxq8z",30603,"2017-07-02","zdnz07dq","zx7wmw68"),
	("pm34vl6z",30873,"2017-02-13","zdnz07dq","68wk4ov8"),
	("zgpj9jez",32801,"2022-07-02","zdnz07dq","7j4y4emj"),
	("zgn3jkjy",33167,"2017-04-14","zdnz07dq","qj267elx"),
	("mrnl604y",33813,"2021-09-28","zdnz07dq","e8elyy6j"),
	("8y8v90wz",35531,"2015-08-11","zdnz07dq","qxkqw6x0"),
	("zx4xw58y",53553,"2019-01-28","zdnz07dq","qj2zp6oj"),
	("ywk3x3py",16239,"2021-09-12","5dwy8nkg","xz9vvz08"),
	("m3nk144y",16274,"2021-03-02","5dwy8nkg","48g5e47j"),
	("ydgdn7vy",16386,"2023-02-01","5dwy8nkg","x3q37qqj"),
	("me32xp9z",16412,"2022-07-04","5dwy8nkg","8wllnovj"),
	("yln6e03z",16504,"2023-02-17","5dwy8nkg","8ge0zmrj"),
	("meoxwn3z",16653,"2020-04-18","5dwy8nkg","zxzd590j"),
	("z0ndj64m",16734,"2023-03-01","5dwy8nkg","98rd11qj"),
	("y99qk0ey",16790,"2021-07-11","5dwy8nkg","jo312n0j"),
	("yo9q877y",16893,"2021-03-15","5dwy8nkg","18v1goe8"),
	("y27ep09z",16903,"2021-09-17","5dwy8nkg","7j4y4emj"),
	("mk34845z",17011,"2020-04-02","5dwy8nkg","48grkyxp"),
	("m7qv2q4z",17042,"2020-02-03","5dwy8nkg","v8lwkr7x"),
	("zgxow7jm",17069,"2021-03-10","5dwy8nkg","zx7wmw68"),
	("z18vrlry",17197,"2021-03-14","5dwy8nkg","5j5z61wj"),
	("mk7ron5y",17204,"2021-03-23","5dwy8nkg","8rpl153j"),
	("zgd63lvz",17330,"2022-02-26","5dwy8nkg","jnz0z2dj"),
	("m77xlp9m",17331,"2021-09-18","5dwy8nkg","y8dk4y5j"),
	("yo71631m",17565,"2021-07-20","5dwy8nkg","jmp5rynj"),
	("m3nqgwqy",17683,"2021-02-27","5dwy8nkg","x7q2gqr8"),
	("mk70g7xy",17685,"2021-02-27","5dwy8nkg","xko17l68"),
	("1zxp275y",17780,"2017-01-09","5dwy8nkg","y8deklj6"),
	("y4g69pdy",17802,"2023-02-26","5dwy8nkg","v8lp532j"),
	("ylog60ny",17846,"2021-04-07","5dwy8nkg","8e9rvq2j"),
	("meewlj9m",17853,"2023-03-01","5dwy8nkg","xkmwpg7j"),
	("mk70x23y",17919,"2021-03-01","5dwy8nkg","8v56pl2j"),
	("pyd2kewm",18234,"2016-08-07","5dwy8nkg","pj034mwj"),
	("zgnpp3vy",19015,"2017-10-22","5dwy8nkg","v8l35028"),
	("1zq7xx1m",19234,"2016-03-09","5dwy8nkg","1y8ddm86"),
	("dy4dnr2y",19245,"2017-03-05","5dwy8nkg","68wk4ov8"),
	("7z051rom",20028,"2015-05-09","5dwy8nkg","o866op8z"),
	("y6719g6m",20156,"2018-04-24","5dwy8nkg","18q3o3dj"),
	("zgrg4onm",20603,"2021-08-31","5dwy8nkg","jn32w54x"),
	("ydqpv9xm",20721,"2018-03-30","5dwy8nkg","68wkop48"),
	("m3l017dm",20994,"2023-02-25","5dwy8nkg","v8l050r8"),
	("dy4keqml",21182,"2014-05-03","5dwy8nkg","y8d4wm86"),
	("oy2kdwyd",21264,"2014-04-06","5dwy8nkg","gpj0r3jw"),
	("y8rond1m",22122,"2020-12-18","5dwy8nkg","zxzygl4j"),
	("yl98lq2y",22449,"2018-04-28","5dwy8nkg","98rke3x1"),
	("y9n9d02z",23189,"2021-02-06","5dwy8nkg","qjo1dr7x"),
	("0y6xq96y",23659,"2016-04-02","5dwy8nkg","zxz7ldnj"),
	("yv18834y",25353,"2021-06-04","5dwy8nkg","e8elyy6j"),
	("mr6xlk2m",28267,"2022-02-01","5dwy8nkg","j4rvwqw8"),
	("mrn0338y",30392,"2013-05-16","5dwy8nkg","j4qd3pvx"),
	("yle2q9nz",20910,"2022-03-11","jdzpvgkv","xz9vvz08"),
	("y654gqqz",21116,"2020-08-20","jdzpvgkv","48g5e47j"),
	("y20gv96m",21352,"2022-02-01","jdzpvgkv","8wllnovj"),
	("ywjwk10z",21396,"2022-02-22","jdzpvgkv","zxzd590j"),
	("z0okov4z",21862,"2022-03-06","jdzpvgkv","8ge0zmrj"),
	("ylq1972z",21866,"2021-05-29","jdzpvgkv","x3q37qqj"),
	("mejp8k2y",22406,"2022-03-05","jdzpvgkv","7j4y4emj"),
	("y8edjody",22555,"2021-08-27","jdzpvgkv","y8dk4y5j"),
	("zgn7kj0y",24156,"2017-05-14","jdzpvgkv","y8deklj6"),
	("ylnd6ekz",28277,"2023-02-27","jdzpvgkv","xkmwpg7j"),
	("8m7kx8wz",29384,"2017-02-27","jdzpvgkv","68wk4ov8"),
	("pzg8w0y2",33271,"2014-01-25","jdzpvgkv","gpj0r3jw");
INSERT INTO Perform VALUES
	("m72005wz","j0no4wm8"),
	("y6oxjk6y","j52mr1gj"),
	("ydrelpvz","qxk03em8"),
	("zx8461em","jp496qyj"),
	("yw6v0ppm","48gerkyj"),
	("y47r2dqy","8rpl153j"),
	("ylqr182z","8e9e2k7j"),
	("y8v6ldnz","qjoyp90x"),
	("y91o6rem","18vkdmnj"),
	("zpdjrrvz","zx7vdovx"),
	("z1oej3jm","v8l35028"),
	("m338q6dm","8qznm3q8"),
	("mrnk328y","zxzg0prj"),
	("y827pdxy","8e9kvkoj"),
	("me15e40y","8en5v7d8"),
	("yjdnk83y","v8lp532j"),
	("ylq4k1rz","1y8ddm86"),
	("zgp6po0z","jnz0z2dj"),
	("yv1p85xy","86vrz55j"),
	("yod1o70m","8enyo5o8"),
	("zn0xo68y","68wlkzqj"),
	("z53qxxey","8wllnovj"),
	("ydr483qz","zx7ez668"),
	("zp2kn0vy","48g5e47j"),
	("z07rn09y","5j5z61wj"),
	("mej7840y","68w916qj"),
	("yjd34pgy","xkmwpg7j"),
	("z52d10nz","j5veyzg8"),
	("z0lr9q9z","8gewqv7j"),
	("yd5eglxm","kj9dm9ox"),
	("zgvj7w0z","86vkyqpj"),
	("zq0pnr8y","x3mg9578"),
	("zn1ro97m","jn3v9v2x"),
	("yd0wxd0z","jo312n0j"),
	("y82e1l5y","7j40g581"),
	("yvrp8poz","8d397ylx"),
	("y6d0gjpm","zx7wmw68"),
	("y2jveg6z","68wk4ov8"),
	("yjdpj8oy","8qr1e4oj"),
	("mejrw12y","j2y3m7n8"),
	("yd0l99xz","xko17l68"),
	("znrg17ly","v813vdlx"),
	("z5jwq2nm","qjneo92j"),
	("yj569q3m","8q3p5moj"),
	("z01093jy","7j4nzdx1"),
	("y918nenm","jmok4kz8"),
	("y90757ny","e8e5mp78"),
	("yjlrj7oz","xy5kvln8"),
	("y6lj0v1y","18v99exl"),
	("z010598y","0jmmkq4j"),
	("z158xx9y","zxzd590j"),
	("z5vjlvjm","y8dk4y5j"),
	("y8exl7dy","jmllgnz8"),
	("y9ld12ey","v8l050r8"),
	("mr9vpn2m","kj9kqw84"),
	("z53q0ojy","8r7gd1qj"),
	("ydwqqvxm","x3q37qqj"),
	("mrk4w64y","qjnkd1wj"),
	("ywv6pnnz","8dgkklm8"),
	("yv1xk9ey","j2yeyv68"),
	("znqgll7z","68w2nyq8"),
	("znp83k9m","y8dk3lgj"),
	("y65do61z","48grkyxp"),
	("m3nkvrwy","jmp3w3ej"),
	("mr42egdz","xz7o3o4j"),
	("yv2d4o4m","xz9vvz08"),
	("znoqxq3y","xk4zz3mj"),
	("z05ox4om","8v56pl2j"),
	("znkn4l9z","qjo1dr7x"),
	("yo35x3dy","98rd11qj"),
	("yj3qgndz","kjp0ory8"),
	("yv0955ez","863dyd58"),
	("yop91wjm","xylen3vj"),
	("mk3enr1z","kj96gn7j"),
	("zgw74l0y","18vkwyjl"),
	("z5vx5rjm","jo3koylj"),
	("zp38p4nm","8dwe7ylj"),
	("yj3evggz","0jm3v6z8"),
	("zqwg8g8z","x35q3w7j"),
	("yd5oe4jm","8e9wn6pj"),
	("z079v08y","8ge0zmrj"),
	("yo9q0j7y","x355qw7j"),
	("zgd0gp0z","98rv3qj1"),
	("y91o6n2m","8rpym73j"),
	("z0p8lg8y","x7q2gqr8"),
	("y823805y","kjp60ry8"),
	("y8egv51y","j031rr4j"),
	("yo2el57z","qjnlpv2x"),
	("ydd2q6vy","8enplz78"),
	("yojn787m","qj2z2poj"),
	("zgwx6w0y","kjpmpy0j"),
	("y801xwnm","8d0r379x"),
	("y8egp7ny","18v1goe8"),
	("y92x08nz","zxzygl4j"),
	("yokg411z","8rp6nvgj"),
	("znkr563z","qj20d6xk"),
	("y96kr7ey","xyoz59wj"),
	("yv6ldloz","8qzndvw8"),
	("y4w3r9qm","48g0vm7x"),
	("meoq138z","kjpgz7kj"),
	("mk8jx91m","8geg15yj"),
	("y91ornem","j0n4d1r8"),
	("y6lqnr6y","qxkokr28"),
	("yvr1o6ez","8lp9e94j"),
	("y239e29m","0jmpkoj1"),
	("yd6w6l0z","dx3vnn28"),
	("m7qldwwz","3qjno2xm"),
	("yjxlwq3z","jnzr9w1j"),
	("m36rg0dm","xy5qd3y8"),
	("yv6rreez","dx3690qx"),
	("zn1g6j3m","8q3z0r0j"),
	("z5o5kkgy","pj06y3jw"),
	("z0923xez","8dwm03gj"),
	("yl008d3y","dx3wgqjl"),
	("ywvd1v3z","y8d2k4lj"),
	("yojknv1m","v8lwkr7x"),
	("y21o4e7z","jo32re0j"),
	("y8j68pxz","8e6yr36j"),
	("y664drqy","816o39rx"),
	("zq1vddxm","8vk427yj"),
	("y65qrv1z","xz9n3kr8"),
	("me9rqj0z","8vk3odej"),
	("zx6e788z","8vkrnyej"),
	("0y6j586m","18qz4rw8"),
	("oy2w7w6y","1xy505w8"),
	("z0ewp3jm","qxk4r9j0"),
	("zgg4jxez","jmlpk248"),
	("mk44pe5y","0jmepex1"),
	("ywpk8g9z","5j554gjv"),
	("zprlrdvm","18vqymyj"),
	("pm3g40wz","pj0rzwjw"),
	("jy9knnz4","qjon7086"),
	("emkk9w1m","zx7mnrx7"),
	("zq62kexy","98rk776x"),
	("yl1k0ekm","jn9ol4qx"),
	("pzgpe0nz","98rpyw3j"),
	("9yop7d1m","kjpr7148"),
	("zq3ojj8y","y8dmwml8"),
	("zg7w88dz","zx7zqor8"),
	("zn4ko07m","qxk10m9j"),
	("1zxdowky","v81do38p"),
	("m3dd0dgz","zx7690j7"),
	("yd07e7vz","kjp66408"),
	("oy2gpnwz","kj965k7j"),
	("mrr4p8dm","kjp2o44x"),
	("y6774kpm","pj060v9j"),
	("m3on856m","qjnrl6qx"),
	("y9l6dpey","jmlw2448"),
	("ydqjvrjm","v81vd958"),
	("yj4o2doy","v8l3eq48"),
	("mkgl3gvy","x3qnn5ej"),
	("z1j1ve7z","eo86lp8z"),
	("y677626m","5j5qy1zj"),
	("y4ev98nm","7j4y4emj"),
	("9me8rq3m","dx3e7kjl"),
	("mek915qm","0jm6d6z8"),
	("mk4pqjvy","68wkop48"),
	("9yopd2dm","zx7m10x7"),
	("7ylgqdnm","qxkqw6x0"),
	("z014dwey","j2y69ln8"),
	("yw42lr3z","v8l1w07j"),
	("6yjqx67m","18q39y0j"),
	("y277w17z","jmp5rynj"),
	("meo36v3z","qjnm1p48"),
	("z1qkx9wy","j0no4wm8"),
	("z1q9607y","j52mr1gj"),
	("mejwng0y","v8l35028"),
	("zq49o8xm","qxk03em8"),
	("z18n4djy","qjoyp90x"),
	("znokl1vy","18vkdmnj"),
	("m76v9d5y","jp496qyj"),
	("m35vdegy","8e9e2k7j"),
	("y2d0jp9z","48gerkyj"),
	("m7w07w4z","zx7vdovx"),
	("z0l8pqoz","8enyo5o8"),
	("mree134y","48g5e47j"),
	("zqre0p8y","zx7wmw68"),
	("mkv551xy","v8lp532j"),
	("y6dlv1pm","98rpmodj"),
	("yl7q6lkm","jnz0z2dj"),
	("zq4l1e5m","8wllnovj"),
	("y2d018wz","8rpl153j"),
	("z0750e9y","5j5z61wj"),
	("y2vw5ewz","18v99exl"),
	("zq4pojrm","86vkyqpj"),
	("yvjl054y","v813vdlx"),
	("z078wwoy","68wlkzqj"),
	("m36xq1qm","86vrz55j"),
	("mrrv48dm","y8dk4y5j"),
	("m721d3wz","68wk4ov8"),
	("mk5j9g5m","j2yeyv68"),
	("yd040nwz","8gewqv7j"),
	("zqw84j8z","zxzd590j"),
	("y8q4wg5y","zxzygl4j"),
	("zp4p62xz","qj2z2poj"),
	("zn0d4v3y","863dyd58"),
	("meooreqz","18vkwyjl"),
	("m3dxlqgz","1y8ddm86"),
	("m33vj1qm","68w916qj"),
	("yl7g843m","xylen3vj"),
	("y89xpxdm","qjnlpv2x"),
	("m3gj0pqz","kj9kqw84"),
	("zgvjjqez","8v56pl2j"),
	("mrqqxn7y","pj06y3jw"),
	("mr13xedz","98rv3qj1"),
	("z0lo938z","8qr1e4oj"),
	("zx21vpkm","qjo1dr7x"),
	("y66xge6y","8geg15yj"),
	("mkgxj01y","x3q37qqj"),
	("yl4wedrm","7j42orvx"),
	("y215vowz","v8lwkr7x"),
	("m75pp5ez","8qznm3q8"),
	("y6p4l61m","48g0vm7x"),
	("mr1nqd7z","xz9vvz08"),
	("zq93911y","xkmwpg7j"),
	("yo7d6p0m","8rpym73j"),
	("yjldvwgz","18q39y0j"),
	("m7508lwz","jmok4kz8"),
	("m35llldy","x35q3w7j"),
	("zn37eo8y","98rd11qj"),
	("y920nxez","qxk10m9j"),
	("y6orvg1y","jo312n0j"),
	("zqrkjd5y","y8dk3lgj"),
	("mre529gy","5j5pg0z8"),
	("y48ngpkm","kjpgz7kj"),
	("m7x949wy","7j4y4emj"),
	("yv92568z","xz9p6e98"),
	("y4x0wvnz","68w2nyq8"),
	("znp1dr3m","8e9gw32j"),
	("ydqj1wxm","18qon27j"),
	("yl4d61xm","v8l3eq48"),
	("m351nvgy","68wkop48"),
	("pm34x9gz","18v2lyjl"),
	("y6rqgljy","0jm763yj"),
	("z156qljy","68wmzyvx"),
	("yo4le4jm","7j4vr4dj"),
	("mej616qy","86vv3wqj"),
	("z5onlrjy","qjozdqe8"),
	("6yjnj3gm","qxkqw6x0"),
	("meoojo8z","j92kll78"),
	("zx438k5y","98rke3x1"),
	("y91j7lnm","qxk1kqmj"),
	("yjld0gnz","8rp6nvgj"),
	("y9xqjley","863rvy38"),
	("yj5rq77m","j5veyzg8"),
	("znqnjjvz","j0no4wm8"),
	("y9lp232y","v8l35028"),
	("yj6g1rnz","qxk03em8"),
	("zn77x8vm","qjoyp90x"),
	("yjd82ogy","8enyo5o8"),
	("y9x70gey","jnz0z2dj"),
	("y8r39nxm","8e9e2k7j"),
	("y8vkq3dz","zx7vdovx"),
	("mr48rj8z","8rpl153j"),
	("z1o289jm","18vkdmnj"),
	("y2p8x2wz","y8dk4y5j"),
	("y9150lkm","xko17l68"),
	("z18o8g7y","86vkyqpj"),
	("zp2v6ony","jp496qyj"),
	("y908qnny","48gerkyj"),
	("z0rj898z","86vrz55j"),
	("y65qnejz","zxzd590j"),
	("yj3128gz","48g5e47j"),
	("zpgnljxz","68wk4ov8"),
	("y8r73lxm","8wllnovj"),
	("z092oj8z","8gewqv7j"),
	("y825rk1y","8e9kvkoj"),
	("zpd8gd8z","xkmwpg7j"),
	("yo9jo5dy","xz9vvz08"),
	("yv9ox9ez","x7q4mv68"),
	("zx2oep5m","8dwe7ylj"),
	("mk83knlm","x35q3w7j"),
	("yv6d104z","qjo1dr7x"),
	("yd9310qz","8v56pl2j"),
	("y41w87dy","v8lwkr7x"),
	("m377j1gz","jmp5rynj"),
	("y2qljdjy","48g0vm7x"),
	("y20kk5wm","7j4y4emj"),
	("ywko252y","j5veyzg8"),
	("y4g9132y","j0no4wm8"),
	("z53wpkdy","qxk03em8"),
	("y88192ny","v8l35028"),
	("y91g0pkm","qjoyp90x"),
	("yd694xvz","48g5e47j"),
	("yv0p8jez","8enyo5o8"),
	("zgd8dnvz","18vkdmnj"),
	("mk8g80lm","8e9e2k7j"),
	("yd58wpvm","zx7wmw68"),
	("z066qo8z","zx7vdovx"),
	("m36qewwm","v8l050r8"),
	("mr7x6p7z","jnz0z2dj"),
	("m37qqx4z","98rd11qj"),
	("zgxn91vm","8wllnovj"),
	("mrq8lq4y","0jmpkoj1"),
	("mr6wvd4m","jp496qyj"),
	("y8ron3nm","86vkyqpj"),
	("m3ddgowz","qxk4r9j0"),
	("y6xq7oqy","y8dk4y5j"),
	("z01999ey","v8lwkr7x"),
	("znje843m","xylen3vj"),
	("z1qd5xry","68wk4ov8"),
	("zq4v1k5m","xko17l68"),
	("y25k81wy","zxzd590j"),
	("zg2kx0ey","v8lp532j"),
	("yv3g2n8z","48gerkyj"),
	("z5x3xrdy","xkmwpg7j"),
	("y4w43pqm","qjo1dr7x"),
	("7z0o3gez","98rpndj1"),
	("0y6j9x1m","18qz4rw8"),
	("1zxk3oqm","18vkwyjl"),
	("yo20n30z","zxzygl4j"),
	("mk8x30vm","8v56pl2j"),
	("z11q18jz","qjnlpv2x"),
	("zxljw98z","5j5z61wj"),
	("mk4ljl1y","qxk10m9j"),
	("zp9k5kxm","7j4y4emj"),
	("yd094d0z","x35q3w7j"),
	("z1o37o7m","v813vdlx"),
	("y92v7dvz","48g0vm7x"),
	("mk2nw6vm","5j5pg0z8"),
	("7yllr3yp","18v2lyjl"),
	("zn06g59y","j5veyzg8"),
	("z51gklem","qj2zp6oj"),
	("znqggklz","xz9vvz08"),
	("zgx6jqem","68wezwv8"),
	("mrrk9j4m","98rd11qj"),
	("m720jxwz","1xyzqnv8"),
	("z0l534jz","x7q2gqr8"),
	("zqvex79m","xko17l68"),
	("yoll3l0y","8enyo5o8"),
	("yw610pnm","xk46y12j"),
	("y215946z","48g5e47j"),
	("yoje3d7m","48grkyxp"),
	("y80jpvxm","v8lp532j"),
	("mr718ndz","jnz0z2dj"),
	("z1qx15gy","jo312n0j"),
	("m3xqx64m","y8dmwml8"),
	("z5r1joey","zx7wmw68"),
	("yv3v58oz","zxzd590j"),
	("mrn7q9gy","x3q37qqj"),
	("y2pkr29z","8v56pl2j"),
	("zxo1175z","jmok4kz8"),
	("y606e9qy","8rpl153j"),
	("yo9q6k0y","qxk03em8"),
	("mkg4n21y","86vkyqpj"),
	("y6loewqy","v8lwkr7x"),
	("z0p6xx4y","v81poqp8"),
	("yv8r264m","5j5z61wj"),
	("yv39jj6z","zx7vml0x"),
	("y89125nm","68wk4ov8"),
	("yo41rndm","1y8ddm86"),
	("mexkjd2z","v8l35028"),
	("z1j6pgjz","18v1goe8"),
	("yo4xkg0m","18vkwyjl"),
	("9mrp5p2z","kj96gn7j"),
	("y48l9vdm","xylen3vj"),
	("ydg6qqqy","8en5v7d8"),
	("yd1lwevy","y8dk4y5j"),
	("mk4eje5y","y8deklj6"),
	("yjporw3y","8e9e2k7j"),
	("y8rvj3nm","8e9wn6pj"),
	("y9lwl82y","814pmq38"),
	("y9v92w2m","jn9rk72x"),
	("yj4755ny","qj267elx"),
	("m3x0w8dm","8vk0n12j"),
	("yv8o7qxm","v8l050r8"),
	("zn1kpp8m","8e9rvq2j"),
	("zn8ekv8z","v81vd958"),
	("zxk3795m","68wkop48"),
	("z51knqdm","zx7mk66x"),
	("m7w894wz","7j4y4emj"),
	("y2qqg97y","pj0lm3mj"),
	("yw172d3z","zxzygl4j"),
	("y6n6jnqz","68w916qj"),
	("y9nnljez","86vrz55j"),
	("zgp244dz","dx3ym3e8"),
	("znpe208m","8vomkqnx"),
	("2ywr0gpm","1xyd2zxr"),
	("mro6j7gm","98rke3x1"),
	("zn0k2vly","48gerkyj"),
	("y6o053jy","86vmzyqj"),
	("mrrrpjgm","x35313ej"),
	("zqwqp81z","jn3057dx"),
	("y90nn3ey","xy5qd3y8"),
	("yoporo5m","18qwnyq8"),
	("z0o3j4ez","v8l9m4r8"),
	("8m737wy0","wzx79rj7"),
	("mej1jo9y","48g3myxp"),
	("mkvl223y","j5qed36j"),
	("y665eq1y","qjnm1p48"),
	("zxgp6p5y","e8elyy6j"),
	("zn3nvr7y","kj95nov8"),
	("6yj84rdm","zx740vx7"),
	("yjdjjlny","kjp2o44x"),
	("zq4x8o5m","qxkg1gkj"),
	("m37elvwz","98rd11qj"),
	("yj3g97dz","48g5e47j"),
	("z0p8gqey","jnz0z2dj"),
	("z50d9edy","xz9vvz08"),
	("y88dxqxy","x3q37qqj"),
	("z0rg3r4z","x7q2gqr8"),
	("y80v14xm","v8lp532j"),
	("yl94e7ry","48grkyxp"),
	("y8qorvny","68wk4ov8"),
	("y69d661y","y8dk4y5j"),
	("y9l804vy","7j4y4emj"),
	("zqr46q8y","1y8ddm86"),
	("yleo3x2z","zxzygl4j"),
	("9mr4kx7z","18vkwyjl"),
	("yw1e7qnz","zx7wmw68"),
	("y4878xdm","e8elyy6j"),
	("emk09jlz","qxkqw6x0"),
	("yj49wqny","qj2zp6oj"),
	("y602eg6y","jnz0z2dj"),
	("zp848pgy","48g5e47j"),
	("zxng7vkm","v8lp532j"),
	("y9336wey","zxzd590j"),
	("y9ng82kz","48grkyxp"),
	("yodked5m","8r7m223j"),
	("yoldjn5y","8e9m9noj"),
	("y93kpjey","xz9vvz08"),
	("y4883pnm","5j5z61wj"),
	("m72972wz","98rd11qj"),
	("y60n951y","8enyo5o8"),
	("yolk1g1y","j4rwv2m8"),
	("z1gv19rz","y8dk4y5j"),
	("y21573wz","y8dmwml8"),
	("z039108z","v8l35028"),
	("mkg2263y","8wlog13j"),
	("yw0ppdpm","qxk03em8"),
	("z03x9gez","zx7wmw68"),
	("yjgpl27y","xy5qd3y8"),
	("zgnl5xvy","qj267elx"),
	("yj1djkdy","8v56pl2j"),
	("yl9jj62y","68wk4ov8"),
	("y2qj6o7y","1y8ddm86"),
	("yj37l37z","qj2z2poj"),
	("y8q4grdy","zxzygl4j"),
	("y8qw1eny","18vkwyjl"),
	("pzggvxjz","y8deklj6"),
	("y92930kz","68wkop48"),
	("yjx496dz","8vkmyd2j"),
	("me74jo9y","7j4y4emj"),
	("mr4xpk7z","18v1goe8"),
	("yj4g56gy","98rke3x1"),
	("yw0xd5pm","j42dg3vx"),
	("m770we5m","e8elyy6j"),
	("yopq1n7m","86vmzyqj"),
	("nz1817gy","qxkqw6x0"),
	("meogx6qz","18q1gewx"),
	("me49o02y","zx7yylrx"),
	("yj15d8gy","qjnm1p48"),
	("ywpxj5pz","qj29glox"),
	("m7x1170y","kjp2o44x"),
	("y25l936y","j5wp54nj"),
	("2ywv4gpz","zx740vx7"),
	("zg2xq7jy","863rvy38"),
	("y60nedqy","jnz0z2dj"),
	("z0r4v38z","48g5e47j"),
	("yj38kpnz","zxzd590j"),
	("mro1j4dm","v8lp532j"),
	("ylq3vpnz","48grkyxp"),
	("yopjew7m","98rd11qj"),
	("z5drvl5m","y8dk4y5j"),
	("z03n2goz","1y8ddm86"),
	("zn8kxq8z","zx7wmw68"),
	("pm34vl6z","68wk4ov8"),
	("zgpj9jez","7j4y4emj"),
	("zgn3jkjy","qj267elx"),
	("mrnl604y","e8elyy6j"),
	("8y8v90wz","qxkqw6x0"),
	("zx4xw58y","qj2zp6oj"),
	("ywk3x3py","xz9vvz08"),
	("m3nk144y","48g5e47j"),
	("ydgdn7vy","x3q37qqj"),
	("me32xp9z","8wllnovj"),
	("yln6e03z","8ge0zmrj"),
	("meoxwn3z","zxzd590j"),
	("z0ndj64m","98rd11qj"),
	("y99qk0ey","jo312n0j"),
	("yo9q877y","18v1goe8"),
	("y27ep09z","7j4y4emj"),
	("mk34845z","48grkyxp"),
	("m7qv2q4z","v8lwkr7x"),
	("zgxow7jm","zx7wmw68"),
	("z18vrlry","5j5z61wj"),
	("mk7ron5y","8rpl153j"),
	("zgd63lvz","jnz0z2dj"),
	("m77xlp9m","y8dk4y5j"),
	("yo71631m","jmp5rynj"),
	("m3nqgwqy","x7q2gqr8"),
	("mk70g7xy","xko17l68"),
	("1zxp275y","y8deklj6"),
	("y4g69pdy","v8lp532j"),
	("ylog60ny","8e9rvq2j"),
	("meewlj9m","xkmwpg7j"),
	("mk70x23y","8v56pl2j"),
	("pyd2kewm","pj034mwj"),
	("zgnpp3vy","v8l35028"),
	("1zq7xx1m","1y8ddm86"),
	("dy4dnr2y","68wk4ov8"),
	("7z051rom","o866op8z"),
	("y6719g6m","18q3o3dj"),
	("zgrg4onm","jn32w54x"),
	("ydqpv9xm","68wkop48"),
	("m3l017dm","v8l050r8"),
	("dy4keqml","y8d4wm86"),
	("oy2kdwyd","gpj0r3jw"),
	("y8rond1m","zxzygl4j"),
	("yl98lq2y","98rke3x1"),
	("y9n9d02z","qjo1dr7x"),
	("0y6xq96y","zxz7ldnj"),
	("yv18834y","e8elyy6j"),
	("mr6xlk2m","j4rvwqw8"),
	("mrn0338y","j4qd3pvx"),
	("yle2q9nz","xz9vvz08"),
	("y654gqqz","48g5e47j"),
	("y20gv96m","8wllnovj"),
	("ywjwk10z","zxzd590j"),
	("z0okov4z","8ge0zmrj"),
	("ylq1972z","x3q37qqj"),
	("mejp8k2y","7j4y4emj"),
	("y8edjody","y8dk4y5j"),
	("zgn7kj0y","y8deklj6"),
	("ylnd6ekz","xkmwpg7j"),
	("8m7kx8wz","68wk4ov8"),
	("pzg8w0y2","gpj0r3jw");
INSERT INTO Moderator VALUES
	("super-moderator","nd2egvd0","48g5e47j"),
	("super-moderator","nd2egvd0","qxk03em8"),
	("super-moderator","nd2egvd0","kjpgz7kj"),
	("super-moderator","nd2egvd0","zxzd590j"),
	("super-moderator","nd2egvd0","y8d2k4lj"),
	("moderator","nd2egvd0","8v56pl2j"),
	("moderator","nd2egvd0","xz9vvz08"),
	("super-moderator","nd2egvd0","8wllnovj"),
	("moderator","nd2egvd0","jp496qyj"),
	("moderator","nd2egvd0","jnz0z2dj"),
	("super-moderator","nd2egvd0","8enyo5o8"),
	("super-moderator","nd2egvd0","j5veyzg8"),
	("super-moderator","4d79zg17","v8lp532j"),
	("super-moderator","4d79zg17","48g5e47j"),
	("super-moderator","4d79zg17","zxzd590j"),
	("moderator","4d79zg17","8v56pl2j"),
	("moderator","4d79zg17","xz9vvz08"),
	("super-moderator","4d79zg17","x3q37qqj"),
	("super-moderator","4d79zg17","8vk0n12j"),
	("moderator","4d79zg17","jnz0z2dj"),
	("super-moderator","9d3rkgdl","v8lp532j"),
	("super-moderator","9d3rkgdl","48g5e47j"),
	("super-moderator","9d3rkgdl","zxzd590j"),
	("moderator","9d3rkgdl","8v56pl2j"),
	("super-moderator","9d3rkgdl","j4rwv2m8"),
	("moderator","9d3rkgdl","xz9vvz08"),
	("moderator","9d3rkgdl","jnz0z2dj"),
	("super-moderator","o1y9526q","48g5e47j"),
	("super-moderator","o1y9526q","zxzd590j"),
	("moderator","o1y9526q","8v56pl2j"),
	("moderator","o1y9526q","xz9vvz08"),
	("super-moderator","o1y9526q","8wllnovj"),
	("super-moderator","o1y9526q","x3q37qqj"),
	("moderator","o1y9526q","jnz0z2dj");
