CREATE TABLE Platform (
	platformID CHAR(8) NOT NULL PRIMARY KEY,
	platformName VARCHAR(50)
);

CREATE TABLE Player (
	playerID CHAR(8) NOT NULL PRIMARY KEY,
	playerName VARCHAR(50) NOT NULL UNIQUE
);

CREATE TABLE Game (
	gameID CHAR(8) NOT NULL PRIMARY KEY,
	gameName VARCHAR(50) NOT NULL UNIQUE
);

CREATE TABLE IsPlatformOf (
	FK_platformID CHAR(8) NOT NULL,
	FK_gameID CHAR(8) NOT NULL,
	FOREIGN KEY (FK_platformID) REFERENCES Platform (platformID) ON DELETE CASCADE,
	FOREIGN KEY (FK_gameID) REFERENCES Game (gameID) ON DELETE CASCADE
);

CREATE TABLE Category (
	categoryID CHAR(8) NOT NULL PRIMARY KEY,
	categoryName VARCHAR(50),
	FK_gameID CHAR(8) NOT NULL,
	FOREIGN KEY (FK_gameID) REFERENCES Game (gameID) ON DELETE CASCADE
);

CREATE TABLE Moderator (
	role VARCHAR(20) DEFAULT "moderator",
	FK_gameID CHAR(8) NOT NULL,
	FK_playerID CHAR(8) NOT NULL,
	FOREIGN KEY (FK_gameID) REFERENCES Game (gameID) ON DELETE CASCADE,
	FOREIGN KEY (FK_playerID) REFERENCES Player (playerID) ON DELETE CASCADE
);

CREATE TABLE Run (
	runID CHAR(8) NOT NULL PRIMARY KEY,
	runTime REAL NOT NULL CHECK (runTime > 0),
	runDate CHAR(10),
	FK_categoryID CHAR(8) NOT NULL,
	FOREIGN KEY (FK_categoryID) REFERENCES Category (categoryID) ON DELETE CASCADE
);

CREATE TABLE Perform (
	FK_runID CHAR(8) NOT NULL,
	FK_playerID CHAR(8) NOT NULL,
	FOREIGN KEY (FK_runID) REFERENCES Run (runID) ON DELETE CASCADE,
	FOREIGN KEY (FK_playerID) REFERENCES Player (playerID) ON DELETE CASCADE
);

CREATE INDEX PlayerIndex ON Player(playerID);
CREATE INDEX GameIndex ON Game(gameID);
CREATE INDEX CategoryIndex ON Category(categoryID);
CREATE INDEX RunIndex ON Run(runID);
CREATE INDEX PlatformIndex ON Platform(platformID);

INSERT INTO Platform VALUES
	("jm951reo","2DS"),
	("nzelm79q","2DS Backwards Compatibility"),
	("o064vv63","2DS XL"),
	("8gejmne3","3DO Interactive Multiplayer"),
	("vm9vw163","3DS Backwards Compatibility"),
	("mx6pow93","Acorn Archimedes"),
	("o7e2dj6w","Advanced Pico Beena"),
	("gz9qv3e0","Airplane Seats"),
	("mr6ko5ez","Amazon Fire TV"),
	("gde32g6k","Amiga"),
	("wxeo0der","Amiga CD32"),
	("5negykey","Amstrad CPC"),
	("gde3vw9k","Amstrad PCW"),
	("3167pk6q","Analogue Nt"),
	("kz9wlm6p","Analogue Nt Mini"),
	("gz9qg3e0","Analogue Super Nt"),
	("lq60nl94","Android"),
	("n5e15292","AndroidTV"),
	("w89ryw6l","Apple II"),
	("7g6mom9r","Apple IIGS"),
	("vm9vz163","Apple TV"),
	("vm9vy893","Apple Watch"),
	("vm9vn63k","Arcade"),
	("mr6k206z","Arduboy"),
	("o0644863","Atari 2600"),
	("lq60ol64","Atari 5200"),
	("gde33gek","Atari 7800"),
	("n5e1m7e2","Atari 8-bit family (400/800/XL/XE)"),
	("jm9577eo","Atari Flashback"),
	("jm95oz6o","Atari Jaguar"),
	("kz9wzm9p","Atari Jaguar CD"),
	("o0641163","Atari Lynx"),
	("n5e1g7e2","Atari ST"),
	("gde3qn6k","Atari VCS"),
	("v06dvz64","backwards-compatible PlayStation 3"),
	("gz9q2390","BBC Micro"),
	("n5685z6v","Binary Runtime Environment for Wireless"),
	("83ex5m6l","Casio PV-2000"),
	("7g6mp36r","Chromebook"),
	("wxeo8d6r","ColecoVision"),
	("gz9qox60","Commodore 64"),
	("4p9zrz6r","Commodore 64 Mini"),
	("p36n4x98","Commodore CDTV"),
	("w89ryd6l","Commodore VIC-20"),
	("lq60rd64","Dragon 32/64"),
	("v06d394z","Dreamcast"),
	("wxeo3zer","DSi"),
	("p36n0me8","DVD Player"),
	("n5e1kg92","Evercade"),
	("gde31w9k","Fairchild Channel F"),
	("gde3owek","Famicom"),
	("mr6k409z","Famicom Disk System"),
	("7m6yqvep","Flash"),
	("jm95k79o","FM Towns"),
	("gz9qkx90","Game & Watch"),
	("n5683oev","Game Boy"),
	("3167d6q2","Game Boy Advance"),
	("gde3g9k1","Game Boy Color"),
	("vm9v3ne3","Game Boy Interface"),
	("7m6yvw6p","Game Boy Player"),
	("31672keq","Game.Com"),
	("4p9z06rn","GameCube"),
	("31674w6q","GamePark 32"),
	("5neg076y","Gizmondo"),
	("o064z1e3","Google Stadia"),
	("gz9qwx90","Graphing Calculator"),
	("w89rwwel","HTC Vive"),
	("jm9517eo","Hyperscan"),
	("o0643893","Intellivision"),
	("gde3xgek","iOS"),
	("mr6k159z","iPod"),
	("p36nd598","iQue Player"),
	("nzel5r6q","Java Phone"),
	("8gejwk93","LCD handheld"),
	("nzel3veq","Leapfrog Didj"),
	("7m6ypz6p","Leapster Learning Game System"),
	("n5e1n292","Leapster TV"),
	("5neg7key","Linux"),
	("v06ddw64","LSI"),
	("mx6ppw63","Macintosh"),
	("p36npx98","Magnavox Odyssey"),
	("w89rqdel","Magnavox Odyssey 2"),
	("5negp7ey","Mega Sg"),
	("mx6px493","MegaNet"),
	("gde3rwek","MiSTer"),
	("mr6km09z","MS-DOS"),
	("jm950z6o","MSX"),
	("83exkk6l","MSX2"),
	("83exlkel","N-Gage"),
	("7g6mw8er","NEC PC-88 series"),
	("o064r893","NEC PC-98 series"),
	("mx6p4w63","Neo Geo AES"),
	("kz9w7mep","Neo Geo CD"),
	("n5e1z292","Neo Geo Mini"),
	("7m6ydw6p","Neo Geo Pocket Color"),
	("o7e2lj9w","Neo Geo X"),
	("kz9wynep","NES Classic Mini"),
	("kz9wqn9p","New Nintendo 3DS"),
	("v06do394","New Nintendo 3DS Virtual Console"),
	("gz9qx60q","Nintendo 3DS"),
	("7g6mx89r","Nintendo 3DS Virtual Console"),
	("w89rwelk","Nintendo 64"),
	("83ex5v6l","Nintendo 64 Disk Drive"),
	("7g6m8erk","Nintendo DS"),
	("jm95z9ol","Nintendo Entertainment System"),
	("kz9wdmep","Nintendo Switch Lite"),
	("p36nyx98","Nt Mini Noir"),
	("o064v163","Nuon"),
	("v06dmz64","Nvidia Shield"),
	("o064o193","Oculus Quest"),
	("4p9zq09r","Oculus VR"),
	("8gej5193","Oric"),
	("nzeloreq","Ouya"),
	("nzelrveq","Palm OS"),
	("8gej2n93","PC"),
	("p36n8568","PC-FX"),
	("w89rjw6l","Philips CD-i"),
	("n568qz6v","PICO-8"),
	("o7e2q3ew","Playdate"),
	("wxeod9rn","PlayStation"),
	("n5e17e27","PlayStation 2"),
	("mx6pwe3g","PlayStation 3"),
	("nzelkr6q","PlayStation 4"),
	("nzeljv9q","PlayStation 4 Pro"),
	("4p9zjrer","PlayStation 5"),
	("o7e2vj6w","Playstation Classic"),
	("wxeo5z6r","Playstation Now"),
	("5negk9y7","PlayStation Portable"),
	("lq60gle4","Playstation TV"),
	("4p9z70er","PlayStation Vita"),
	("3167od9q","Plug and Play"),
	("5neg3o6y","Pocket Dream Console"),
	("vm9vr1e3","Pokémon Mini"),
	("wxeo1o9r","Pong Consoles"),
	("v06dpz64","PS5 for backward compatible games"),
	("wxeo2d6r","PSN Download"),
	("7g6mym6r","retroUSB AVS"),
	("jm95l76o","Roku"),
	("83exokel","Satellaview"),
	("kz9wrn6p","Sega 32X"),
	("31670d9q","Sega CD"),
	("w89r3w9l","Sega Game Gear"),
	("mr6k0ezw","Sega Genesis"),
	("mx6p3493","Sega Genesis Mini"),
	("83exwk6l","Sega Master System"),
	("7m6yjz6p","Sega Pico"),
	("lq60l642","Sega Saturn"),
	("83expv9l","SG-1000"),
	("o0641863","Sharp X1"),
	("83exovel","SNES Classic Mini"),
	("w89rqoel","Steam Deck"),
	("5negr76y","Super Cassette Vision"),
	("31677k6q","Super Famicom"),
	("gz9q0560","Super Famicom Turbo"),
	("3167jd6q","Super Game Boy"),
	("n5e147e2","Super Game Boy 2"),
	("83exk6l5","Super Nintendo"),
	("7m6ylw9p","Switch"),
	("mx6p1463","Switch Virtual Console"),
	("wxeogz9r","SwitchOLED"),
	("vm9vkn63","Tabletop"),
	("8gejn193","Tamagotchi"),
	("mx6pq4e3","Tapwave Zodiac"),
	("5nego76y","Texas Instruments TI-99/4A"),
	("lq604de4","TI-84"),
	("4p9zprer","TIC-80"),
	("3167qkeq","Tiger"),
	("p36nlxe8","TurboGrafx-16 CD-ROM"),
	("jm95w79o","TurboGrafx-16 Mini"),
	("5negxk6y","TurboGrafx-16/PC Engine"),
	("8gej8n93","V.Smile"),
	("83exvv9l","Valve Index"),
	("7g6m1m6r","Vectrex"),
	("mx6pgx63","Video Game Machine - Multiframe Colour - 1"),
	("7g6mk8er","Virtual Boy"),
	("o7e25xew","Web"),
	("v06dk3e4","Wii"),
	("lq60qp94","Wii Backwards compatibility"),
	("w89rdd6l","Wii Mini"),
	("8gejn93d","Wii U"),
	("v06dr394","Wii U Virtual Console"),
	("nzelreqp","Wii Virtual Console"),
	("lq60mde4","WiiU Backwards Compatibility"),
	("w89r4d6l","Windows Mixed Reality"),
	("p36no5e8","Windows Phone"),
	("vm9v8n63","WonderSwan"),
	("n568kz6v","Wonderswan Colour"),
	("n5681o9v","X68000"),
	("jm95zz9o","Xbox"),
	("n568oevp","Xbox 360"),
	("lq60vde4","Xbox 360 Arcade"),
	("mr6k0gez","Xbox 360 Backwards Compatibility"),
	("kz9w4oep","Xbox Game Pass"),
	("o7e2mx6w","Xbox One"),
	("o064j163","Xbox One S"),
	("4p9z0r6r","Xbox One X"),
	("o7e2xj9w","Xbox Series S"),
	("nzelyv9q","Xbox Series X"),
	("7m6y2zep","Zeebo"),
	("n568zo6v","ZX Spectrum");


INSERT INTO Game VALUES
	("nd2egvd0","Sly Cooper and the Thievius Raccoonus"),
	("4d79zg17","Sly 2: Band of Thieves"),
	("9d3rkgdl","Sly 3: Honor Among Thieves"),
	("o1y9526q","Sly Cooper: Thieves in Time"),
	("y655j36e","Ratchet & Clank"),
	("w6j7046j","Ratchet & Clank: Going Commando"),
	("kdkm921m","Ratchet & Clank: Up Your Arsenal"),
	("k6qwo06g","Ratchet: Deadlocked");


INSERT INTO IsPlatformOf VALUES
	("n5e17e27","nd2egvd0"),
	("mx6pwe3g","nd2egvd0"),
	("4p9z70er","nd2egvd0"),
	("wxeo5z6r","nd2egvd0"),
	("v06dvz64","nd2egvd0"),
	("n5e17e27","4d79zg17"),
	("mx6pwe3g","4d79zg17"),
	("4p9z70er","4d79zg17"),
	("wxeo5z6r","4d79zg17"),
	("v06dvz64","4d79zg17"),
	("n5e17e27","9d3rkgdl"),
	("mx6pwe3g","9d3rkgdl"),
	("4p9z70er","9d3rkgdl"),
	("wxeo5z6r","9d3rkgdl"),
	("v06dvz64","9d3rkgdl"),
	("mx6pwe3g","o1y9526q"),
	("4p9z70er","o1y9526q"),
	("lq60gle4","o1y9526q"),
	("wxeo5z6r","o1y9526q"),
	("n5e17e27","y655j36e"),
	("mx6pwe3g","y655j36e"),
	("4p9z70er","y655j36e"),
	("lq60gle4","y655j36e"),
	("v06dvz64","y655j36e"),
	("n5e17e27","w6j7046j"),
	("mx6pwe3g","w6j7046j"),
	("4p9z70er","w6j7046j"),
	("v06dvz64","w6j7046j"),
	("n5e17e27","kdkm921m"),
	("mx6pwe3g","kdkm921m"),
	("4p9z70er","kdkm921m"),
	("v06dvz64","kdkm921m"),
	("n5e17e27","k6qwo06g"),
	("mx6pwe3g","k6qwo06g"),
	("wxeo5z6r","k6qwo06g"),
	("v06dvz64","k6qwo06g");

INSERT INTO Category VALUES
	("02q8ly2y","Any%","nd2egvd0"),
	("wk61pexd","All Keys","nd2egvd0"),
	("7kj1gx3k","All Vaults","nd2egvd0"),
	("824mrw25","100%","nd2egvd0"),
	("zd3l8ydn","Any%","4d79zg17"),
	("9kvj7jkg","100%","4d79zg17"),
	("9d8jx7kn","Any%","9d3rkgdl"),
	("zdnz07dq","100%","9d3rkgdl"),
	("5dwy8nkg","Any%","o1y9526q"),
	("jdzpvgkv","100%","o1y9526q"),
	("9d84vwkn","NG+","y655j36e"),
	("vdozvykp","Any%","y655j36e"),
	("xd1gmzd8","All Gold Bolts","y655j36e"),
	("xd173wwd","All Checkmarks","y655j36e"),
	("vdo1q62p","NG+","w6j7046j"),
	("wkp3qj2r","NG+ No IMG","w6j7046j"),
	("wdm6qekq","Any%","w6j7046j"),
	("mkeoljjd","All Platinum Bolts","w6j7046j"),
	("zd37l5r2","PBSPI (100%)","w6j7046j"),
	("7dgn1g42","Max%","w6j7046j"),
	("z2713420","NG+ No QE","kdkm921m"),
	("824160g2","NG+","kdkm921m"),
	("xk9vjvd0","Any%","kdkm921m"),
	("zdn8rndq","All Titanium Bolts","kdkm921m"),
	("zd35lmyk","All Collectables","kdkm921m"),
	("q25m8jdo","100%","kdkm921m"),
	("jdzwprdv","NG+ No LC","k6qwo06g"),
	("z276zpgd","NG+","k6qwo06g"),
	("jdrl1nd6","Any%","k6qwo06g"),
	("z27g97o2","All Exterminator Cards","k6qwo06g");

INSERT INTO Player VALUES
	("j0no4wm8","Gehis514"),
	("j52mr1gj","Arttery"),
	("qxk03em8","TaymNeon"),
	("jp496qyj","Stevens"),
	("48gerkyj","cinderkit55"),
	("8rpl153j","ItzBytez"),
	("8e9e2k7j","hdls"),
	("qjoyp90x","ExodusXanimate"),
	("18vkdmnj","Awrie"),
	("zx7vdovx","Alicemadness"),
	("v8l35028","Zenthrow"),
	("8qznm3q8","Faeotic"),
	("zxzg0prj","musicer13"),
	("8e9kvkoj","Chrisaw"),
	("8en5v7d8","BADRUMBADRUM"),
	("v8lp532j","Baconman12"),
	("1y8ddm86","mikl"),
	("jnz0z2dj","Knuutti"),
	("86vrz55j","D13ter"),
	("8enyo5o8","ryyd"),
	("68wlkzqj","TG"),
	("8wllnovj","slinq17"),
	("zx7ez668","SuperVillainDoom"),
	("48g5e47j","Remo"),
	("5j5z61wj","Nave357"),
	("68w916qj","TheKenPowers"),
	("xkmwpg7j","Mapiotho"),
	("j5veyzg8","VinnyMe"),
	("8gewqv7j","chargozard"),
	("kj9dm9ox","97ames"),
	("86vkyqpj","Chimpy"),
	("x3mg9578","jamespoli"),
	("jn3v9v2x","ozzyt10"),
	("jo312n0j","frizz"),
	("7j40g581","HuntedCast"),
	("8d397ylx","SnowBuried"),
	("zx7wmw68","Oggyerino"),
	("68wk4ov8","Suappi"),
	("8qr1e4oj","YamadaTV"),
	("j2y3m7n8","aslov"),
	("xko17l68","Crystls"),
	("v813vdlx","hoagiepops"),
	("qjneo92j","Luukie13"),
	("8q3p5moj","kaM1"),
	("7j4nzdx1","fenceturtle"),
	("jmok4kz8","Turk"),
	("e8e5mp78","Chimforce"),
	("xy5kvln8","Olbap"),
	("18v99exl","omfgitstrev"),
	("0jmmkq4j","InfernOwl"),
	("zxzd590j","Avatarinator"),
	("y8dk4y5j","Slysonic"),
	("jmllgnz8","zyntixboi"),
	("v8l050r8","Zic3"),
	("kj9kqw84","AniMeowzerz"),
	("8r7gd1qj","tuke"),
	("x3q37qqj","Kyylä"),
	("qjnkd1wj","Valokk666"),
	("8dgkklm8","Bando_God"),
	("j2yeyv68","James352"),
	("68w2nyq8","Bintendo"),
	("y8dk3lgj","CrispyCrunchy"),
	("48grkyxp","Gnist"),
	("jmp3w3ej","ElasticoDK"),
	("xz7o3o4j","SmR2105"),
	("xz9vvz08","Bvr"),
	("xk4zz3mj","Plisno"),
	("8v56pl2j","TheGandyMan"),
	("qjo1dr7x","MajorMushu"),
	("98rd11qj","thisisnotjake"),
	("kjp0ory8","justnico235"),
	("863dyd58","NeilLegend"),
	("xylen3vj","ATPOW"),
	("kj96gn7j","Alekhine"),
	("18vkwyjl","Gamecuber"),
	("jo3koylj","Afonsk8"),
	("8dwe7ylj","Beno68"),
	("0jm3v6z8","LSJay"),
	("x35q3w7j","deathseaotter"),
	("8e9wn6pj","ImRealgold"),
	("8ge0zmrj","ShadowZ896"),
	("x355qw7j","The_Stellar"),
	("98rv3qj1","Roda"),
	("8rpym73j","ImmortalBam"),
	("x7q2gqr8","Phobos_"),
	("kjp60ry8","K_BillTV"),
	("j031rr4j","Trotzzz"),
	("qjnlpv2x","PrinceFootstool"),
	("8enplz78","GRAYWOLF227"),
	("qj2z2poj","ShrimpiiBoii"),
	("kjpmpy0j","Eyerhonic"),
	("8d0r379x","pumptehboss"),
	("18v1goe8","Jorge_1254"),
	("zxzygl4j","smartalec24"),
	("8rp6nvgj","M29S"),
	("qj20d6xk","Thextera"),
	("xyoz59wj","takae"),
	("8qzndvw8","zotlann"),
	("48g0vm7x","Kitsune_Cavalry"),
	("kjpgz7kj","Snugggles"),
	("8geg15yj","AJDaLobster"),
	("j0n4d1r8","Hurdles"),
	("qxkokr28","Lomaykay"),
	("8lp9e94j","Full_Hoss"),
	("0jmpkoj1","Sharo"),
	("dx3vnn28","Prismaweasel"),
	("3qjno2xm","PhoenixAki"),
	("jnzr9w1j","Jerem"),
	("xy5qd3y8","PokeJaki"),
	("dx3690qx","inK67"),
	("8q3z0r0j","NewCale"),
	("pj06y3jw","Butterlord"),
	("8dwm03gj","Kat1650"),
	("dx3wgqjl","alekzoz"),
	("y8d2k4lj","Firestarrox"),
	("v8lwkr7x","Alberona"),
	("jo32re0j","tsparkles"),
	("8e6yr36j","Mattyv747"),
	("816o39rx","aojg"),
	("8vk427yj","PerGerr"),
	("xz9n3kr8","spankyharpsichord"),
	("8vk3odej","Rusok"),
	("8vkrnyej","jaflanman"),
	("18qz4rw8","NickAbc423"),
	("1xy505w8","OddsomeOddy"),
	("qxk4r9j0","Ricky"),
	("jmlpk248","swayyy"),
	("0jmepex1","Goglabesh"),
	("5j554gjv","UberNero"),
	("18vqymyj","Loxxy"),
	("pj0rzwjw","Zetrile"),
	("qjon7086","NicoHDjr"),
	("zx7mnrx7","karmerz"),
	("98rk776x","icantpronouncethis"),
	("jn9ol4qx","satiil"),
	("98rpyw3j","UmbraNoti"),
	("kjpr7148","Nitram2342"),
	("y8dmwml8","Halogen"),
	("zx7zqor8","vfaergestad"),
	("qxk10m9j","Talvi"),
	("v81do38p","esper_ramuh"),
	("zx7690j7","YaBoyBTrue"),
	("kjp66408","BunnyP0werSR"),
	("kj965k7j","revrat198"),
	("kjp2o44x","Professer"),
	("pj060v9j","BassRemedy"),
	("qjnrl6qx","Ebros_Gamer"),
	("jmlw2448","Mikaeeeel"),
	("v81vd958","Snufkin"),
	("v8l3eq48","SRGTsilent"),
	("x3qnn5ej","123sober"),
	("eo86lp8z","Rallis"),
	("5j5qy1zj","knightfall216"),
	("7j4y4emj","powerman"),
	("dx3e7kjl","Raikaru"),
	("0jm6d6z8","dotj"),
	("68wkop48","Nittro"),
	("zx7m10x7","mashy"),
	("qxkqw6x0","Sly1020"),
	("j2y69ln8","yunezpossuz"),
	("v8l1w07j","Knightmare"),
	("18q39y0j","Jipetto"),
	("jmp5rynj","LilGuyRy"),
	("qjnm1p48","BlackAtrezZ"),
	("98rpmodj","jjstuec"),
	("7j42orvx","Vesu"),
	("5j5pg0z8","MatthewMarshall"),
	("xz9p6e98","pkr_00"),
	("8e9gw32j","Bassfren"),
	("18qon27j","Jonda"),
	("18v2lyjl","Laseki"),
	("0jm763yj","EdamameTV"),
	("68wmzyvx","TheIbukiMioda"),
	("7j4vr4dj","Wolfgang"),
	("86vv3wqj","TumppiPS"),
	("qjozdqe8","Psych0sis"),
	("j92kll78","ShyKopper"),
	("98rke3x1","GuardJaeger"),
	("qxk1kqmj","hiiri"),
	("863rvy38","DamianDragon"),
	("x7q4mv68","knicefive"),
	("98rpndj1","RSR"),
	("qj2zp6oj","stswenson"),
	("68wezwv8","hekksu"),
	("1xyzqnv8","MooshSen"),
	("xk46y12j","Avain"),
	("v81poqp8","Mavi"),
	("zx7vml0x","batharara"),
	("y8deklj6","Msa9898"),
	("814pmq38","MisuW"),
	("jn9rk72x","Are_"),
	("qj267elx","Sylvaneon"),
	("8vk0n12j","Ostrava"),
	("8e9rvq2j","VIPA97"),
	("zx7mk66x","MKBlast"),
	("pj0lm3mj","Bbbbbbacon12"),
	("dx3ym3e8","Sugaku"),
	("8vomkqnx","jxm32"),
	("1xyd2zxr","Sicknifini"),
	("86vmzyqj","Wrldwdegamer"),
	("x35313ej","MachoFishRandySalmon"),
	("jn3057dx","AslaQ_"),
	("18qwnyq8","BoltSpider"),
	("v8l9m4r8","Scorpob"),
	("wzx79rj7","ZtarZtorm"),
	("48g3myxp","callmeliam"),
	("j5qed36j","Whosh"),
	("e8elyy6j","DangerNick"),
	("kj95nov8","danuzz"),
	("zx740vx7","Shynia96"),
	("qxkg1gkj","Andy0"),
	("8r7m223j","Gems"),
	("8e9m9noj","Alaapo"),
	("j4rwv2m8","Hexus"),
	("8wlog13j","Sexxor"),
	("8vkmyd2j","ToshiWash"),
	("j42dg3vx","ukir1234"),
	("18q1gewx","Walluz"),
	("zx7yylrx","jonsku1"),
	("qj29glox","reiska6"),
	("j5wp54nj","dany_cart"),
	("pj034mwj","Sin"),
	("o866op8z","chibizer0"),
	("18q3o3dj","BellumZeldaDS"),
	("jn32w54x","Olivier8196"),
	("y8d4wm86","Nikneim"),
	("gpj0r3jw","SerSanju"),
	("zxz7ldnj","RappingPandazOG"),
	("j4rvwqw8","GooseTheMovie"),
	("j4qd3pvx","GamePrime"),
	("kj9pprvx","Franzcorr"),
	("zxz7znrj","snee"),
	("xk456q9j","joukkari"),
	("dx350n6j","doesthisusername"),
	("v814ln38","xSaphy"),
	("j4rw2el8","Sephyr"),
	("8rppeywj","bubsta"),
	("8wk32zl8","marathonman"),
	("jmol06y8","deltadoid"),
	("zxz9k7n8","Steve_I3lowjobs"),
	("1xy5dwm8","Spidershark583"),
	("dx3q65ej","Scaff"),
	("8l4oo3rj","Dezmone"),
	("816o4g5x","bordplate"),
	("1xyovdzj","spookmatic"),
	("18qq9w8n","xem92"),
	("zxz5p94x","MagicMantwon"),
	("zx7y6lvx","Jishkared"),
	("y8dzdngj","quietdudek"),
	("1xyor2zj","onetabloid"),
	("zx7y7kqx","Flare_Snaggleblast"),
	("48g57npj","mrjarnottman"),
	("jm3ddpz8","Djura"),
	("18qmpmqx","cpez"),
	("98rr2zg8","warriewood"),
	("qj2wlg6j","Herasmie"),
	("pj0lg0mj","Checco02"),
	("48gl73yx","Rialyy"),
	("48gq2yjp","Skitz"),
	("e8e5lzp8","todio"),
	("98rwqdx1","Oxober"),
	("18qpr7wx","Wiffle"),
	("pj00dl3j","AleMusa"),
	("18vr0m5x","MrNido7"),
	("jmodr7e8","imo"),
	("7j4v05vj","Scottobozo"),
	("68w7nl3x","Veldin461"),
	("8v57eevj","Konnie2K"),
	("18qr6q7j","sinaladel"),
	("5j5rdogx","Saveska"),
	("xk1qmrmj","Jaden_44"),
	("18v5z15j","jouk"),
	("y8dkqgj6","Armin_fatsir"),
	("ge8eep80","Maxxuss"),
	("48ge6v7j","PsiSquatch"),
	("98rqrwx1","S_LauGHTeR"),
	("kjpknr2x","Emeralve"),
	("v8ln5mvx","lonely0110"),
	("8v5526nj","SHOUT"),
	("zxz94048","Dani"),
	("8ekq4d78","TheMythicalCat"),
	("v81onrxp","BerkBay"),
	("jmpm7eoj","Nagasiio"),
	("dx35ev7j","TyloVortex"),
	("814129l8","As_in_Gamer3000"),
	("qxk4gp9j","Insomniac"),
	("y8dz6o5j","Twilight96"),
	("o86vlq5j","Lennu6"),
	("8vkr1yyj","sadgebean"),
	("qxko7m28","Mcvin"),
	("98rzl7dx","IzzyBeira"),
	("68w5q48g","zbm"),
	("j969k3rj","tommygun684"),
	("zxz0m798","Clankspeed"),
	("1xy30zjr","Maidez"),
	("e8eel3o8","geoman9098"),
	("qxko92k8","Scyker"),
	("o8613y0j","reece"),
	("8v507vyj","Alados5"),
	("j0vwm1mx","Kehmz"),
	("98rp7gj1","clippy"),
	("qjn3o41x","Touh"),
	("kj9zdv84","Tiopepo"),
	("48grmppx","Skritler"),
	("jo3e73ej","Fplax69"),
	("68wky238","Cyprys"),
	("kjpr26k8","Kurtleyy"),
	("7j4erplx","FeaR"),
	("8l4l6rlj","Breez"),
	("qjn5endj","S0M3RANDUM"),
	("816g5w3x","B1eek"),
	("1xym91vx","TheTermineter"),
	("68wlqpqj","Sapz"),
	("kjpw10xq","SuperSqank"),
	("48gl4vyx","EmeraldCrusader7"),
	("e8e699dj","yen"),
	("zxz9pr98","SkylarFerret"),
	("98rllww8","YoAndy"),
	("kj92dpw8","Nyehoe"),
	("48gl2ryx","TacticalBFG"),
	("zxzrpwr8","OllieSimp"),
	("8166ywlx","tbekkerman"),
	("zxz93we8","LilaInTheAttic"),
	("qjogvex6","repej"),
	("48g2zrjp","fern"),
	("xkoqml68","Mathias4595"),
	("j51y59g8","ForceplayzPc"),
	("68ww5wl8","TheReclusive"),
	("qxkzrkx0","killers455"),
	("18qr12dj","Jackhat"),
	("zxz4g64j","Bloemenpot"),
	("zx736eqj","CreepNT"),
	("1xyy9oyx","hsblue"),
	("98rq3p6x","Crazily"),
	("jmo2gqn8","Nath134"),
	("xy5n43n8","Cobra_X21"),
	("1xypeezx","Deemo"),
	("y8dy0m58","Skryptix"),
	("7j49wv81","Tyrian"),
	("j4qodpdx","51shadeshoe"),
	("zxzl1v08","leopluradon"),
	("8dw7e59j","Tjkiller45"),
	("98r7m3j1","dassb"),
	("zxz7mejq","Inffi"),
	("18vmzv8l","Sleepwalker_92"),
	("8r7m443j","2timefelon"),
	("o86npgpx","Cengi_13"),
	("qxkvvl9j","haniwa"),
	("0jmoq7o8","Cat_Overlord"),
	("5j511nz8","Shas"),
	("86nd3g5x","Rawbob"),
	("x7mm9wyx","Auon97"),
	("kjpd900j","Onex"),
	("1xyrv0mj","mobius"),
	("qjoq6086","SymphonicAbyss"),
	("v81oe7px","dethmor"),
	("8gek471j","thisguy455"),
	("zx7gzvvx","Janky"),
	("qj26w5ox","Fullflame"),
	("j0no1wr8","Tyler_MOTU"),
	("0jm7zzj1","Midnight"),
	("98r0oe68","Persona"),
	("qj2qd7oj","LG-mies"),
	("5j5q53nj","yamanaru"),
	("y8dpwv58","elkon"),
	("zxzq79xq","krille71"),
	("xyr29rmj","DreeGon"),
	("1xyrqdwj","Tomppaa"),
	("v81m2wl8","muckemannen"),
	("8vkyk92j","EmpressKrystal"),
	("zx7yr16x","yondolash"),
	("98r3g668","lasuboy"),
	("8qoldvoj","Kanix2"),
	("8dwn4qlj","RyanOGG"),
	("48gwoe7j","vcerberusv"),
	("8l4o137j","sunnnnsetttt"),
	("kj9dg7x4","Boomer"),
	("98r4lw3j","Tactamaryl"),
	("kj9d62ox","cyprin"),
	("8dggenl8","Paksumeetvursti"),
	("e8e9d77j","Jptje"),
	("v81472p8","Eusebe_"),
	("xkodpwm8","KidtheAunsYourOdd"),
	("qjn6yyqx","Samboy_Chips"),
	("qjn232jm","LeXoS"),
	("e8eopoj0","Papajasu"),
	("v814vy58","Linkinito"),
	("810mlmrx","Maklocke"),
	("18qk1w8n","CaptainLazarus"),
	("j9231qn8","cisco"),
	("18q0vwjn","RebelDragon95"),
	("48g2dypj","AntiPeter"),
	("zx7mo6x7","Jimmie1717"),
	("zxzn14xq","SuperBigKMart"),
	("98r70qj1","RbdJellyfish"),
	("qj2yr3o8","InstaSim"),
	("qj2yp378","SoraxasXIII"),
	("48gewpjp","Zibang"),
	("qjn3yoqx","leporid"),
	("pj04do9x","Mantodea"),
	("kjp6ld08","Vett77"),
	("x7q3m2r8","isaacbuveh"),
	("7j4o0v81","Ratchetmania"),
	("w98rqqx1","TOTOzigemm"),
	("8rld9rw8","iHateCarSeatHeadrest"),
	("jnzwyvwj","vuhu"),
	("8r21v7dx","Deathmones"),
	("8vo66yvx","Sbp_"),
	("jopk5gnx","MarvellousLombax"),
	("5j5zrmwj","king_dedede"),
	("xymmpmzx","pentali"),
	("98rkqeqx","Torpedo"),
	("e8eed6o8","Koolio"),
	("18vk315j","skonafid"),
	("18q50w08","Locks"),
	("xkoqopk8","Voll"),
	("x72o1ry8","Dismay"),
	("68wpllxg","OutrageousJosh"),
	("x7qooz68","aroglwr"),
	("98r77gj1","yp"),
	("qxkqd02x","Ptslammer4"),
	("qxkq11kx","plectonemia"),
	("dx3e0qjl","goofy358"),
	("1xykegy8","Curpling"),
	("dx3321qx","everydayaussie"),
	("zx7gd5yx","MIHAJA"),
	("jn9er1dx","AlexGaming524"),
	("8d33o99x","Cobra_Dog"),
	("zxz34n8q","crystalwave"),
	("jpr3e108","OyTheBird"),
	("qj2yq0n8","zorplox"),
	("j0gld99x","Philip79"),
	("j2y2lpn8","glueboyXVIII"),
	("v8l6wo78","NotDapro"),
	("y8d3odox","NanoHologuise"),
	("dx395m6x","boater"),
	("j06kr44j","thaice21"),
	("8wl97e3j","rht21"),
	("86367rw8","Bessell"),
	("18q53zw8","weezlwoo"),
	("qj2ql17j","Bu11et"),
	("7j4nezwx","BadGamer47"),
	("98rpeqj1","Yashichi"),
	("qjn3w4qx","Zeuspot"),
	("0jmozqe8","BlakeRTA"),
	("kv81dl8p","Foas"),
	("e8ewe768","Accentus1234"),
	("jnz30l1j","Doc_Sal"),
	("68w1gkvx","TetraxZ"),
	("x3qzvvqj","HaroldTheTree"),
	("x76kvdyj","ICYTheKitty"),
	("5j5e7p6j","Fitipaldi"),
	("68wov53j","orch_"),
	("5j5qponj","KillaLombax"),
	("e8ewwd80","Conklestothemax"),
	("v8lzllvx","Paysafez"),
	("8144mgl8","Xanthoconite"),
	("jpm9m30j","blackpearls"),
	("8w9o633j","Paddes"),
	("o86w0yqx","Trend"),
	("j0v55r9x","MinnaTheCatgirl"),
	("j039049j","scoom_scoom"),
	("7j4w30vx","DevilSnake74"),
	("jn3g022x","Radar"),
	("0jmndlex","Treyful"),
	("y8dp2zl8","Ruh"),
	("18q0y3dj","NoSoyLurker"),
	("v8139ylx","Baldrich1"),
	("8rlqoeg8","Slumpy47"),
	("o86y2m5j","JoelZz"),
	("48gemy2j","fs10inator"),
	("0jm0lwy8","fran3002"),
	("8enekkp8","Channel_9"),
	("8q3vd3qj","The_Carrot"),
	("18qvvmox","Turli9"),
	("j23we0lx","tecknowledjee"),
	("zxzzde0x","sanhachisankyu3839"),
	("qxkowo68","lapogne36"),
	("j4q746lx","Dadun"),
	("jop2ee7x","Viette"),
	("qjnd148m","liolu"),
	("jmlogko8","ratty17"),
	("8r7n2gqj","FamiliarBlade"),
	("jn9w13dx","cdaser"),
	("dx3vr2e8","Nitrous399"),
	("48gev1rj","DylWingo"),
	("j2yp3oo8","FluffySeals15"),
	("1xy5qvy8","iwabi74"),
	("jp47mv5j","MajkTio"),
	("j4qq22dx","MattDOTexe"),
	("qxkk3z7x","EternityExp"),
	("v8lnqnvx","SickMF"),
	("jnp5m048","robooooo"),
	("18v56wyj","goatpuncherarctic"),
	("j2yvvp68","ChiliPG"),
	("18v0n7ex","ShikenNuggets"),
	("1xy1eezx","KaptainFabulous"),
	("8lppwv7j","Fantastus"),
	("v81mr1r8","veldoodles"),
	("dx3q6kjl","Mastoise"),
	("8e6kgn7j","Celebi"),
	("wzx7dyx7","Hummeldon"),
	("y8dmq4m8","DerHirte"),
	("o867o33j","Tweeezel"),
	("qjoo9w0j","Evilsqirrel"),
	("qjorglj6","Pazure"),
	("xk41ey2j","LordKarotte"),
	("y8dw35gj","FeelSoMaxed"),
	("xylr61wj","NohBuddyLive"),
	("dx3v3328","Crisiz"),
	("jpmy704j","Numbsqull"),
	("8v5044vj","IRedPandaa"),
	("5j5qy4nj","insou"),
	("48grvg2x","Zeroic"),
	("zxz70rjq","JHobz"),
	("v8l0rn28","Yusunanyuri"),
	("v8l4wm2j","iratchetfan"),
	("qjo7pv7x","chzdk"),
	("qxkz9l6x","szymixkaka"),
	("1xyqzwv8","chuckhatesu"),
	("e8eq1n28","Waterhorse9"),
	("j5qpvvqj","ViTuZz"),
	("18v7nv28","SIK"),
	("v8l14mvj","PickleHat"),
	("18q5wo8n","mie_Dax"),
	("e8ekz628","Dryxs"),
	("v8lwmylx","mytaiker"),
	("0jmmd4j1","Lopsa"),
	("j4vqle5j","Jayden_Main"),
	("48ge151j","ElJefe99"),
	("8v5r4zej","gabrielgame311"),
	("1xy25w8r","Surreal"),
	("48g067xp","Aveyumi"),
	("8q6k737j","CyluxHalfheart"),
	("qjowvn86","XandoToaster"),
	("kj9y7y7x","fireproofnas"),
	("18v5zzej","Davie"),
	("18qdld7x","danmcd"),
	("o86pmm5j","Christofferos"),
	("qj237plx","zachary"),
	("v813y3xp","Piggleberry"),
	("18v737e8","50000cal"),
	("zx7q4w08","Sharfik"),
	("8l0kq6r8","OmegaJubs86"),
	("5j5ovqzx","Felix_Ghost"),
	("qjopv00x","GeyLordRobinson"),
	("48g47228","Benjlin"),
	("8qremdqj","rubeatle"),
	("8gelm62j","CarbonatedCaffeine"),
	("1xyr7mzj","JerQ_Q"),
	("j9257no8","_N1GHTMAR3_"),
	("zx7dzrx7","Sparking_AC"),
	("j0n11038","Mortis"),
	("xyr7kkwj","Zerp213"),
	("8wko2zv8","ItzScaRee"),
	("86v0gewj","NathKaden"),
	("0jm133zj","zami"),
	("xz9vo3e8","OzoneNeutral"),
	("8r2pozgx","Noteau"),
	("x33g12kx","DukeDragon28"),
	("8r3gn5q8","NorbyVevo"),
	("18vmpe8l","Sasir96"),
	("y8dnz29j","HoonGoons"),
	("jn31q0qx","VoidWhysper");

INSERT INTO Run VALUES
	("m72005wz",1936,"2023-02-18","02q8ly2y"),
	("y6oxjk6y",1954,"2023-02-08","02q8ly2y"),
	("ydrelpvz",2033,"2021-05-17","02q8ly2y"),
	("zx8461em",2066,"2022-08-05","02q8ly2y"),
	("yw6v0ppm",2083,"2022-08-22","02q8ly2y"),
	("y47r2dqy",2106,"2021-08-27","02q8ly2y"),
	("ylqr182z",2109,"2021-05-17","02q8ly2y"),
	("y8v6ldnz",2142,"2021-03-02","02q8ly2y"),
	("y91o6rem",2183,"2020-09-08","02q8ly2y"),
	("zpdjrrvz",2183,"2022-09-11","02q8ly2y"),
	("z1oej3jm",2188,"2021-01-04","02q8ly2y"),
	("m338q6dm",2199,"2022-07-16","02q8ly2y"),
	("mrnk328y",2224,"2021-08-16","02q8ly2y"),
	("y827pdxy",2254,"2020-08-25","02q8ly2y"),
	("me15e40y",2256,"2022-11-10","02q8ly2y"),
	("yjdnk83y",2270,"2022-11-20","02q8ly2y"),
	("ylq4k1rz",2282,"2021-04-18","02q8ly2y"),
	("zgp6po0z",2285,"2022-07-06","02q8ly2y"),
	("yv1p85xy",2286,"2021-06-10","02q8ly2y"),
	("yod1o70m",2318,"2022-11-23","02q8ly2y"),
	("zn0xo68y",2329,"2021-10-15","02q8ly2y"),
	("z53qxxey",2335,"2021-01-05","02q8ly2y"),
	("ydr483qz",2341,"2021-06-26","02q8ly2y"),
	("zp2kn0vy",2341,"2022-01-17","02q8ly2y"),
	("z07rn09y",2363,"2021-08-28","02q8ly2y"),
	("mej7840y",2384,"2022-01-05","02q8ly2y"),
	("yjd34pgy",2385,"2022-08-08","02q8ly2y"),
	("z52d10nz",2410,"2022-05-17","02q8ly2y"),
	("z0lr9q9z",2423,"2022-08-23","02q8ly2y"),
	("yd5eglxm",2428,"2020-05-25","02q8ly2y"),
	("zgvj7w0z",2455,"2020-12-15","02q8ly2y"),
	("zq0pnr8y",2470,"2022-02-16","02q8ly2y"),
	("zn1ro97m",2487,"2021-04-23","02q8ly2y"),
	("yd0wxd0z",2491,"2020-11-10","02q8ly2y"),
	("y82e1l5y",2492,"2020-05-22","02q8ly2y"),
	("yvrp8poz",2505,"2022-06-14","02q8ly2y"),
	("y6d0gjpm",2519,"2021-05-28","02q8ly2y"),
	("y2jveg6z",2544,"2023-01-08","02q8ly2y"),
	("yjdpj8oy",2546,"2022-09-03","02q8ly2y"),
	("mejrw12y",2550,"2022-03-31","02q8ly2y"),
	("yd0l99xz",2560,"2020-12-11","02q8ly2y"),
	("znrg17ly",2576,"2020-01-22","02q8ly2y"),
	("z5jwq2nm",2576,"2020-08-03","02q8ly2y"),
	("yj569q3m",2576,"2021-08-20","02q8ly2y"),
	("z01093jy",2580,"2020-01-20","02q8ly2y"),
	("y918nenm",2608,"2020-11-19","02q8ly2y"),
	("y90757ny",2619,"2020-04-01","02q8ly2y"),
	("yjlrj7oz",2623,"2020-08-10","02q8ly2y"),
	("y6lj0v1y",2631,"2020-01-23","02q8ly2y"),
	("z010598y",2635,"2020-01-20","02q8ly2y"),
	("z158xx9y",2635,"2020-05-09","02q8ly2y"),
	("z5vjlvjm",2636,"2021-11-12","02q8ly2y"),
	("y8exl7dy",2638,"2021-09-19","02q8ly2y"),
	("y9ld12ey",2642,"2022-02-15","02q8ly2y"),
	("mr9vpn2m",2650,"2020-12-09","02q8ly2y"),
	("z53q0ojy",2660,"2021-01-05","02q8ly2y"),
	("ydwqqvxm",2677,"2021-12-05","02q8ly2y"),
	("mrk4w64y",2680,"2020-05-14","02q8ly2y"),
	("ywv6pnnz",2683,"2023-02-04","02q8ly2y"),
	("yv1xk9ey",2697,"2021-06-22","02q8ly2y"),
	("znqgll7z",2700,"2022-10-23","02q8ly2y"),
	("znp83k9m",2720,"2022-04-09","02q8ly2y"),
	("y65do61z",2730,"2020-05-19","02q8ly2y"),
	("m3nkvrwy",2753,"2021-03-05","02q8ly2y"),
	("mr42egdz",2755,"2021-03-03","02q8ly2y"),
	("yv2d4o4m",2767,"2021-04-01","02q8ly2y"),
	("znoqxq3y",2790,"2021-02-22","02q8ly2y"),
	("z05ox4om",2797,"2020-06-01","02q8ly2y"),
	("znkn4l9z",2800,"2020-08-23","02q8ly2y"),
	("yo35x3dy",2804,"2020-12-27","02q8ly2y"),
	("yj3qgndz",2806,"2020-01-22","02q8ly2y"),
	("yv0955ez",2809,"2022-08-17","02q8ly2y"),
	("yop91wjm",2817,"2022-05-13","02q8ly2y"),
	("mk3enr1z",2856,"2020-05-26","02q8ly2y"),
	("zgw74l0y",2861,"2020-04-15","02q8ly2y"),
	("z5vx5rjm",2885,"2022-01-23","02q8ly2y"),
	("zp38p4nm",2927,"2021-02-10","02q8ly2y"),
	("yj3evggz",2930,"2020-01-18","02q8ly2y"),
	("zqwg8g8z",2934,"2020-05-13","02q8ly2y"),
	("yd5oe4jm",2952,"2020-08-06","02q8ly2y"),
	("z079v08y",2963,"2021-08-21","02q8ly2y"),
	("yo9q0j7y",2973,"2021-03-15","02q8ly2y"),
	("zgd0gp0z",2976,"2022-03-17","02q8ly2y"),
	("y91o6n2m",2980,"2020-09-07","02q8ly2y"),
	("z0p8lg8y",3020,"2022-06-30","02q8ly2y"),
	("y823805y",3031,"2020-03-27","02q8ly2y"),
	("y8egv51y",3059,"2021-10-27","02q8ly2y"),
	("yo2el57z",3079,"2019-02-23","02q8ly2y"),
	("ydd2q6vy",3116,"2022-06-17","02q8ly2y"),
	("yojn787m",3130,"2019-11-16","02q8ly2y"),
	("zgwx6w0y",3132,"2020-05-13","02q8ly2y"),
	("y801xwnm",3165,"2022-12-20","02q8ly2y"),
	("y8egp7ny",3168,"2021-10-30","02q8ly2y"),
	("y92x08nz",3188,"2018-11-02","02q8ly2y"),
	("yokg411z",3200,"2020-08-17","02q8ly2y"),
	("znkr563z",3205,"2020-04-21","02q8ly2y"),
	("y96kr7ey",3234,"2023-02-25","02q8ly2y"),
	("yv6ldloz",3242,"2020-07-14","02q8ly2y"),
	("y4w3r9qm",3247,"2020-04-09","02q8ly2y"),
	("meoq138z",3247,"2020-08-25","02q8ly2y"),
	("mk8jx91m",3292,"2021-01-11","02q8ly2y"),
	("y91ornem",3306,"2020-09-10","02q8ly2y"),
	("y6lqnr6y",3312,"2019-12-01","02q8ly2y"),
	("yvr1o6ez",3320,"2022-05-14","02q8ly2y"),
	("y239e29m",3362,"2017-04-09","02q8ly2y"),
	("yd6w6l0z",3425,"2019-09-12","02q8ly2y"),
	("m7qldwwz",3433,"2020-01-22","02q8ly2y"),
	("yjxlwq3z",3452,"2021-12-25","02q8ly2y"),
	("m36rg0dm",3453,"2022-01-05","02q8ly2y"),
	("yv6rreez",3459,"2020-06-07","02q8ly2y"),
	("zn1g6j3m",3487,"2021-06-29","02q8ly2y"),
	("z5o5kkgy",3499,"2017-04-11","02q8ly2y"),
	("z0923xez",3519,"2020-12-28","02q8ly2y"),
	("yl008d3y",3574,"2019-07-06","02q8ly2y"),
	("ywvd1v3z",3627,"2022-12-31","02q8ly2y"),
	("yojknv1m",3628,"2019-07-13","02q8ly2y"),
	("y21o4e7z",3690,"2020-03-12","02q8ly2y"),
	("y8j68pxz",3755,"2022-02-03","02q8ly2y"),
	("y664drqy",3767,"2021-03-28","02q8ly2y"),
	("zq1vddxm",3809,"2021-05-17","02q8ly2y"),
	("y65qrv1z",3829,"2020-07-03","02q8ly2y"),
	("me9rqj0z",3846,"2021-04-09","02q8ly2y"),
	("zx6e788z",3859,"2021-04-06","02q8ly2y"),
	("0y6j586m",3880,"2016-11-14","02q8ly2y"),
	("oy2w7w6y",3891,"2016-09-18","02q8ly2y"),
	("z0ewp3jm",3898,"2017-04-07","02q8ly2y"),
	("zgg4jxez",3909,"2021-07-22","02q8ly2y"),
	("mk44pe5y",3932,"2017-05-04","02q8ly2y"),
	("ywpk8g9z",4055,"2018-09-20","02q8ly2y"),
	("zprlrdvm",4074,"2020-05-02","02q8ly2y"),
	("pm3g40wz",4160,"2015-08-03","02q8ly2y"),
	("jy9knnz4",4172,"2014-08-25","02q8ly2y"),
	("emkk9w1m",4202,"2015-02-08","02q8ly2y"),
	("zq62kexy",4219,"2014-07-11","02q8ly2y"),
	("yl1k0ekm",4249,"2022-08-12","02q8ly2y"),
	("pzgpe0nz",4359,"2016-02-21","02q8ly2y"),
	("9yop7d1m",4395,"2016-02-14","02q8ly2y"),
	("zq3ojj8y",4396,"2019-04-09","02q8ly2y"),
	("zg7w88dz",4398,"2018-07-12","02q8ly2y"),
	("zn4ko07m",4398,"2018-07-25","02q8ly2y"),
	("1zxdowky",4426,"2015-07-11","02q8ly2y"),
	("m3dd0dgz",4431,"2017-05-03","02q8ly2y"),
	("yd07e7vz",4544,"2021-01-06","02q8ly2y"),
	("oy2gpnwz",4595,"2016-06-15","02q8ly2y"),
	("mrr4p8dm",4744,"2022-08-22","02q8ly2y"),
	("y6774kpm",4748,"2017-05-08","02q8ly2y"),
	("m3on856m",4754,"2018-08-31","02q8ly2y"),
	("y9l6dpey",4849,"2022-01-21","02q8ly2y"),
	("ydqjvrjm",4890,"2017-12-22","02q8ly2y"),
	("yj4o2doy",4913,"2019-01-15","02q8ly2y"),
	("mkgl3gvy",4946,"2021-04-09","02q8ly2y"),
	("z1j1ve7z",4992,"2019-06-20","02q8ly2y"),
	("y677626m",5011,"2017-04-26","02q8ly2y"),
	("y4ev98nm",5049,"2020-12-28","02q8ly2y"),
	("9me8rq3m",5117,"2015-03-14","02q8ly2y"),
	("mek915qm",5220,"2017-08-03","02q8ly2y"),
	("mk4pqjvy",5230,"2018-01-19","02q8ly2y"),
	("9yopd2dm",5299,"2016-02-17","02q8ly2y"),
	("7ylgqdnm",5506,"2017-03-13","02q8ly2y"),
	("z014dwey",5544,"2020-02-27","02q8ly2y"),
	("yw42lr3z",5548,"2020-01-28","02q8ly2y"),
	("6yjqx67m",6010,"2016-11-21","02q8ly2y"),
	("y277w17z",6842,"2021-08-30","02q8ly2y"),
	("meo36v3z",10388,"2020-06-06","02q8ly2y"),
	("z1qkx9wy",3531,"2023-02-21","wk61pexd"),
	("z1q9607y",3604,"2023-02-14","wk61pexd"),
	("mejwng0y",3757,"2022-02-15","wk61pexd"),
	("zq49o8xm",3800,"2020-11-19","wk61pexd"),
	("z18n4djy",3923,"2021-03-13","wk61pexd"),
	("znokl1vy",3981,"2021-01-29","wk61pexd"),
	("m76v9d5y",4008,"2022-07-07","wk61pexd"),
	("m35vdegy",4045,"2020-07-28","wk61pexd"),
	("y2d0jp9z",4067,"2020-11-07","wk61pexd"),
	("m7w07w4z",4079,"2022-02-01","wk61pexd"),
	("z0l8pqoz",4118,"2022-10-12","wk61pexd"),
	("mree134y",4133,"2019-06-27","wk61pexd"),
	("zqre0p8y",4174,"2019-11-03","wk61pexd"),
	("mkv551xy",4181,"2023-01-19","wk61pexd"),
	("y6dlv1pm",4187,"2021-04-24","wk61pexd"),
	("yl7q6lkm",4246,"2022-05-16","wk61pexd"),
	("zq4l1e5m",4312,"2021-01-04","wk61pexd"),
	("y2d018wz",4327,"2020-11-05","wk61pexd"),
	("z0750e9y",4356,"2021-08-15","wk61pexd"),
	("y2vw5ewz",4395,"2021-03-10","wk61pexd"),
	("zq4pojrm",4399,"2020-12-23","wk61pexd"),
	("yvjl054y",4408,"2019-01-14","wk61pexd"),
	("z078wwoy",4477,"2021-10-19","wk61pexd"),
	("m36xq1qm",4558,"2022-01-24","wk61pexd"),
	("mrrv48dm",4570,"2022-10-01","wk61pexd"),
	("m721d3wz",4610,"2022-11-27","wk61pexd"),
	("mk5j9g5m",4616,"2021-11-23","wk61pexd"),
	("yd040nwz",4620,"2020-12-20","wk61pexd"),
	("zqw84j8z",4629,"2020-07-04","wk61pexd"),
	("y8q4wg5y",4662,"2018-04-12","wk61pexd"),
	("zp4p62xz",4688,"2019-12-07","wk61pexd"),
	("zn0d4v3y",4721,"2021-11-24","wk61pexd"),
	("meooreqz",4726,"2020-04-30","wk61pexd"),
	("m3dxlqgz",4731,"2017-11-13","wk61pexd"),
	("m33vj1qm",4739,"2022-07-06","wk61pexd"),
	("yl7g843m",4781,"2022-07-26","wk61pexd"),
	("y89xpxdm",4797,"2018-11-14","wk61pexd"),
	("m3gj0pqz",4819,"2020-12-13","wk61pexd"),
	("zgvjjqez",4844,"2020-12-18","wk61pexd"),
	("mrqqxn7y",4875,"2017-05-04","wk61pexd"),
	("mr13xedz",4903,"2021-07-22","wk61pexd"),
	("z0lo938z",4946,"2022-08-29","wk61pexd"),
	("zx21vpkm",4948,"2020-08-23","wk61pexd"),
	("y66xge6y",4980,"2021-02-22","wk61pexd"),
	("mkgxj01y",5002,"2021-07-09","wk61pexd"),
	("yl4wedrm",5004,"2019-04-07","wk61pexd"),
	("y215vowz",5032,"2019-07-11","wk61pexd"),
	("m75pp5ez",5042,"2020-09-19","wk61pexd"),
	("y6p4l61m",5151,"2019-04-02","wk61pexd"),
	("mr1nqd7z",5170,"2021-05-14","wk61pexd"),
	("zq93911y",5212,"2022-08-06","wk61pexd"),
	("yo7d6p0m",5215,"2021-05-30","wk61pexd"),
	("yjldvwgz",5309,"2020-06-16","wk61pexd"),
	("m7508lwz",5321,"2020-11-19","wk61pexd"),
	("m35llldy",5323,"2020-06-22","wk61pexd"),
	("zn37eo8y",5356,"2020-11-07","wk61pexd"),
	("y920nxez",5470,"2018-07-25","wk61pexd"),
	("y6orvg1y",5594,"2022-05-17","wk61pexd"),
	("zqrkjd5y",5837,"2019-05-23","wk61pexd"),
	("mre529gy",6251,"2020-02-05","wk61pexd"),
	("y48ngpkm",6517,"2022-02-07","wk61pexd"),
	("m7x949wy",6635,"2022-08-01","wk61pexd"),
	("yv92568z",6725,"2020-10-23","wk61pexd"),
	("y4x0wvnz",6944,"2022-10-25","wk61pexd"),
	("znp1dr3m",7221,"2022-05-15","wk61pexd"),
	("ydqj1wxm",7309,"2017-11-27","wk61pexd"),
	("yl4d61xm",7311,"2019-01-15","wk61pexd"),
	("m351nvgy",7367,"2020-04-17","wk61pexd"),
	("pm34x9gz",7441,"2014-02-09","wk61pexd"),
	("y6rqgljy",7494,"2020-12-03","wk61pexd"),
	("z156qljy",7537,"2020-07-31","wk61pexd"),
	("yo4le4jm",7871,"2017-12-05","wk61pexd"),
	("mej616qy",7908,"2021-12-29","wk61pexd"),
	("z5onlrjy",7921,"2018-03-30","wk61pexd"),
	("6yjnj3gm",8338,"2017-03-08","wk61pexd"),
	("meoojo8z",8686,"2020-04-26","wk61pexd"),
	("zx438k5y",9418,"2018-12-13","wk61pexd"),
	("y91j7lnm",9952,"2020-12-05","wk61pexd"),
	("yjld0gnz",10107,"2020-06-18","wk61pexd"),
	("y9xqjley",10187,"2022-11-11","wk61pexd"),
	("yj5rq77m",14399,"2021-11-10","wk61pexd"),
	("znqnjjvz",4124,"2022-11-08","7kj1gx3k"),
	("y9lp232y",4165,"2022-02-22","7kj1gx3k"),
	("yj6g1rnz",4196,"2020-10-25","7kj1gx3k"),
	("zn77x8vm",4215,"2022-01-16","7kj1gx3k"),
	("yjd82ogy",4394,"2022-09-15","7kj1gx3k"),
	("y9x70gey",4452,"2022-08-02","7kj1gx3k"),
	("y8r39nxm",4526,"2020-09-05","7kj1gx3k"),
	("y8vkq3dz",4697,"2021-02-12","7kj1gx3k"),
	("mr48rj8z",4751,"2021-01-20","7kj1gx3k"),
	("z1o289jm",4757,"2020-10-28","7kj1gx3k"),
	("y2p8x2wz",4835,"2022-07-05","7kj1gx3k"),
	("y9150lkm",4851,"2020-09-27","7kj1gx3k"),
	("z18o8g7y",4932,"2021-01-28","7kj1gx3k"),
	("zp2v6ony",4943,"2022-03-13","7kj1gx3k"),
	("y908qnny",4974,"2020-07-01","7kj1gx3k"),
	("z0rj898z",5095,"2021-06-11","7kj1gx3k"),
	("y65qnejz",5117,"2020-07-03","7kj1gx3k"),
	("yj3128gz",5118,"2019-08-07","7kj1gx3k"),
	("zpgnljxz",5167,"2022-11-26","7kj1gx3k"),
	("y8r73lxm",5227,"2021-01-03","7kj1gx3k"),
	("z092oj8z",5316,"2020-12-29","7kj1gx3k"),
	("y825rk1y",5389,"2020-08-30","7kj1gx3k"),
	("zpd8gd8z",5470,"2022-08-28","7kj1gx3k"),
	("yo9jo5dy",5520,"2021-01-23","7kj1gx3k"),
	("yv9ox9ez",5626,"2020-11-02","7kj1gx3k"),
	("zx2oep5m",5903,"2020-05-28","7kj1gx3k"),
	("mk83knlm",6209,"2020-10-07","7kj1gx3k"),
	("yv6d104z",6225,"2020-08-24","7kj1gx3k"),
	("yd9310qz",6283,"2021-01-20","7kj1gx3k"),
	("y41w87dy",6604,"2019-07-11","7kj1gx3k"),
	("m377j1gz",6879,"2021-08-30","7kj1gx3k"),
	("y2qljdjy",7442,"2019-05-07","7kj1gx3k"),
	("y20kk5wm",8552,"2022-02-09","7kj1gx3k"),
	("ywko252y",14399,"2021-11-10","7kj1gx3k"),
	("y4g9132y",6159,"2022-11-25","824mrw25"),
	("z53wpkdy",6190,"2020-12-21","824mrw25"),
	("y88192ny",6197,"2022-04-20","824mrw25"),
	("y91g0pkm",6595,"2020-12-29","824mrw25"),
	("yd694xvz",6693,"2019-08-10","824mrw25"),
	("yv0p8jez",6723,"2022-09-18","824mrw25"),
	("zgd8dnvz",6976,"2022-02-08","824mrw25"),
	("mk8g80lm",6979,"2020-10-25","824mrw25"),
	("yd58wpvm",7032,"2020-03-25","824mrw25"),
	("z066qo8z",7046,"2021-02-02","824mrw25"),
	("m36qewwm",7078,"2022-02-05","824mrw25"),
	("mr7x6p7z",7082,"2022-06-27","824mrw25"),
	("m37qqx4z",7147,"2021-09-29","824mrw25"),
	("zgxn91vm",7355,"2021-01-16","824mrw25"),
	("mrq8lq4y",7384,"2017-05-22","824mrw25"),
	("mr6wvd4m",7437,"2022-03-13","824mrw25"),
	("y8ron3nm",7480,"2020-12-18","824mrw25"),
	("m3ddgowz",7511,"2017-04-24","824mrw25"),
	("y6xq7oqy",7538,"2022-09-24","824mrw25"),
	("z01999ey",7640,"2019-07-15","824mrw25"),
	("znje843m",7651,"2023-02-20","824mrw25"),
	("z1qd5xry",7675,"2022-11-26","824mrw25"),
	("zq4v1k5m",7765,"2020-11-01","824mrw25"),
	("y25k81wy",8030,"2020-07-05","824mrw25"),
	("zg2kx0ey",8158,"2022-12-19","824mrw25"),
	("yv3g2n8z",8526,"2019-06-02","824mrw25"),
	("z5x3xrdy",8569,"2022-08-16","824mrw25"),
	("y4w43pqm",8596,"2020-08-17","824mrw25"),
	("7z0o3gez",8644,"2016-01-06","824mrw25"),
	("0y6j9x1m",8672,"2016-11-19","824mrw25"),
	("1zxk3oqm",9100,"2015-07-10","824mrw25"),
	("yo20n30z",9148,"2019-01-14","824mrw25"),
	("mk8x30vm",9375,"2020-12-29","824mrw25"),
	("z11q18jz",9560,"2018-11-20","824mrw25"),
	("zxljw98z",9866,"2022-02-22","824mrw25"),
	("mk4ljl1y",9932,"2017-04-19","824mrw25"),
	("zp9k5kxm",10327,"2022-07-02","824mrw25"),
	("yd094d0z",10453,"2020-10-22","824mrw25"),
	("z1o37o7m",10562,"2020-08-13","824mrw25"),
	("y92v7dvz",11089,"2018-10-18","824mrw25"),
	("mk2nw6vm",12168,"2020-02-29","824mrw25"),
	("7yllr3yp",12363,"2014-01-30","824mrw25"),
	("zn06g59y",14399,"2021-11-10","824mrw25"),
	("z51gklem",26014,"2019-01-28","824mrw25"),
	("znqggklz",17154,"2022-10-22","zd3l8ydn"),
	("zgx6jqem",17311,"2021-03-20","zd3l8ydn"),
	("mrrk9j4m",17453,"2022-08-11","zd3l8ydn"),
	("m720jxwz",17471,"2023-02-19","zd3l8ydn"),
	("ywvg26pz",17622,"2023-03-02","zd3l8ydn"),
	("z0l534jz",17662,"2022-08-12","zd3l8ydn"),
	("zqvex79m",17767,"2021-09-24","zd3l8ydn"),
	("yw610pnm",17864,"2022-08-02","zd3l8ydn"),
	("y215946z",17870,"2019-07-08","zd3l8ydn"),
	("yoje3d7m",17880,"2020-01-21","zd3l8ydn"),
	("y80jpvxm",17894,"2023-01-26","zd3l8ydn"),
	("mr718ndz",17992,"2022-05-13","zd3l8ydn"),
	("z1qx15gy",18030,"2023-01-18","zd3l8ydn"),
	("m3xqx64m",18156,"2022-09-21","zd3l8ydn"),
	("z5r1joey",18191,"2021-04-18","zd3l8ydn"),
	("yv3v58oz",18500,"2019-12-08","zd3l8ydn"),
	("mrn7q9gy",18512,"2021-09-10","zd3l8ydn"),
	("y2pkr29z",18569,"2022-06-20","zd3l8ydn"),
	("zxo1175z",18597,"2021-11-22","zd3l8ydn"),
	("y606e9qy",18688,"2022-05-10","zd3l8ydn"),
	("yo9q6k0y",18781,"2021-03-14","zd3l8ydn"),
	("mkg4n21y",18865,"2021-04-15","zd3l8ydn"),
	("y6loewqy",18870,"2019-11-06","zd3l8ydn"),
	("z0p6xx4y",19037,"2022-05-10","zd3l8ydn"),
	("yv8r264m",19266,"2023-01-29","zd3l8ydn"),
	("yv39jj6z",19391,"2019-07-21","zd3l8ydn"),
	("y89125nm",19506,"2018-07-10","zd3l8ydn"),
	("yo41rndm",19518,"2018-05-12","zd3l8ydn"),
	("mexkjd2z",19628,"2019-05-31","zd3l8ydn"),
	("z1j6pgjz",19687,"2020-01-23","zd3l8ydn"),
	("yo4xkg0m",19778,"2018-01-27","zd3l8ydn"),
	("9mrp5p2z",19802,"2017-02-15","zd3l8ydn"),
	("y48l9vdm",19841,"2022-02-16","zd3l8ydn"),
	("ydg6qqqy",19854,"2022-12-17","zd3l8ydn"),
	("yd1lwevy",19949,"2022-10-05","zd3l8ydn"),
	("mk4eje5y",20026,"2017-10-12","zd3l8ydn"),
	("yjporw3y",20145,"2022-06-24","zd3l8ydn"),
	("y8rvj3nm",20300,"2020-10-20","zd3l8ydn"),
	("y9lwl82y",20316,"2022-03-06","zd3l8ydn"),
	("y9v92w2m",20599,"2022-05-13","zd3l8ydn"),
	("yj4755ny",20992,"2019-03-07","zd3l8ydn"),
	("m3x0w8dm",21501,"2022-09-24","zd3l8ydn"),
	("yv8o7qxm",21536,"2023-01-14","zd3l8ydn"),
	("zn1kpp8m",21592,"2021-04-27","zd3l8ydn"),
	("zn8ekv8z",21612,"2017-12-30","zd3l8ydn"),
	("zxk3795m",21803,"2019-11-17","zd3l8ydn"),
	("z51knqdm",21997,"2019-01-05","zd3l8ydn"),
	("m7w894wz",22032,"2022-01-01","zd3l8ydn"),
	("y2qqg97y",22125,"2018-07-01","zd3l8ydn"),
	("yw172d3z",22385,"2018-04-14","zd3l8ydn"),
	("y6n6jnqz",22529,"2021-12-31","zd3l8ydn"),
	("y9nnljez",22875,"2021-02-02","zd3l8ydn"),
	("zgp244dz",23924,"2022-06-11","zd3l8ydn"),
	("znpe208m",23972,"2022-06-20","zd3l8ydn"),
	("2ywr0gpm",24540,"2016-06-08","zd3l8ydn"),
	("mro6j7gm",24723,"2023-01-21","zd3l8ydn"),
	("zn0k2vly",24784,"2021-01-29","zd3l8ydn"),
	("y6o053jy",25134,"2023-01-29","zd3l8ydn"),
	("mrrrpjgm",25310,"2022-09-13","zd3l8ydn"),
	("zqwqp81z",25598,"2020-07-19","zd3l8ydn"),
	("y90nn3ey",26571,"2020-05-04","zd3l8ydn"),
	("yoporo5m",27743,"2022-06-18","zd3l8ydn"),
	("z0o3j4ez",27864,"2021-12-14","zd3l8ydn"),
	("8m737wy0",28311,"2013-11-11","zd3l8ydn"),
	("mej1jo9y",29031,"2022-01-01","zd3l8ydn"),
	("mkvl223y",29382,"2022-11-26","zd3l8ydn"),
	("y665eq1y",29820,"2021-01-28","zd3l8ydn"),
	("zxgp6p5y",30323,"2021-07-06","zd3l8ydn"),
	("zn3nvr7y",31675,"2020-12-31","zd3l8ydn"),
	("6yj84rdm",32196,"2016-04-23","zd3l8ydn"),
	("yjdjjlny",33653,"2022-07-28","zd3l8ydn"),
	("zq4x8o5m",35565,"2021-01-01","zd3l8ydn"),
	("m37elvwz",18776,"2021-11-20","9kvj7jkg"),
	("yj3g97dz",19144,"2019-08-22","9kvj7jkg"),
	("z0p8gqey",19179,"2022-07-05","9kvj7jkg"),
	("z50d9edy",19190,"2021-02-08","9kvj7jkg"),
	("y88dxqxy",19663,"2022-05-15","9kvj7jkg"),
	("z0rg3r4z",19680,"2021-07-14","9kvj7jkg"),
	("y80v14xm",19825,"2023-01-06","9kvj7jkg"),
	("yl94e7ry",20999,"2017-05-19","9kvj7jkg"),
	("y8qorvny",21250,"2018-02-09","9kvj7jkg"),
	("y69d661y",22661,"2021-08-26","9kvj7jkg"),
	("y9l804vy",22686,"2022-01-29","9kvj7jkg"),
	("zqr46q8y",26248,"2019-07-20","9kvj7jkg"),
	("yleo3x2z",28101,"2021-12-31","9kvj7jkg"),
	("9mr4kx7z",28382,"2015-08-15","9kvj7jkg"),
	("yw1e7qnz",29998,"2017-04-18","9kvj7jkg"),
	("y4878xdm",31133,"2022-01-11","9kvj7jkg"),
	("emk09jlz",32829,"2016-06-02","9kvj7jkg"),
	("yj49wqny",52420,"2019-01-28","9kvj7jkg"),
	("y602eg6y",21188,"2022-06-15","9d8jx7kn"),
	("zp848pgy",21318,"2021-08-08","9d8jx7kn"),
	("zxng7vkm",21525,"2023-01-14","9d8jx7kn"),
	("y9336wey",21548,"2021-08-23","9d8jx7kn"),
	("y9ng82kz",22025,"2021-03-24","9d8jx7kn"),
	("yodked5m",22310,"2021-10-24","9d8jx7kn"),
	("yoldjn5y",22500,"2023-02-04","9d8jx7kn"),
	("y93kpjey",22515,"2021-10-06","9d8jx7kn"),
	("y4883pnm",22550,"2021-11-26","9d8jx7kn"),
	("m72972wz",22883,"2022-12-02","9d8jx7kn"),
	("y60n951y",22965,"2022-05-18","9d8jx7kn"),
	("yolk1g1y",23464,"2022-12-31","9d8jx7kn"),
	("z1gv19rz",23785,"2022-10-11","9d8jx7kn"),
	("y21573wz",24102,"2019-06-30","9d8jx7kn"),
	("z039108z",24210,"2018-08-06","9d8jx7kn"),
	("mkg2263y",24374,"2021-04-22","9d8jx7kn"),
	("yw0ppdpm",24408,"2021-01-19","9d8jx7kn"),
	("z03x9gez",24618,"2018-12-26","9d8jx7kn"),
	("yjgpl27y",24753,"2021-05-23","9d8jx7kn"),
	("zgnl5xvy",24900,"2018-01-23","9d8jx7kn"),
	("yj1djkdy",24901,"2021-02-19","9d8jx7kn"),
	("yl9jj62y",25294,"2018-02-28","9d8jx7kn"),
	("y2qj6o7y",25370,"2018-12-03","9d8jx7kn"),
	("yj37l37z",25689,"2020-01-31","9d8jx7kn"),
	("y8q4grdy",26464,"2018-04-14","9d8jx7kn"),
	("y8qw1eny",26665,"2018-01-13","9d8jx7kn"),
	("pzggvxjz",26897,"2015-10-01","9d8jx7kn"),
	("y92930kz",26930,"2018-09-07","9d8jx7kn"),
	("yjx496dz",27368,"2021-12-15","9d8jx7kn"),
	("me74jo9y",27609,"2020-12-27","9d8jx7kn"),
	("mr4xpk7z",27658,"2020-12-27","9d8jx7kn"),
	("yj4g56gy",27815,"2018-09-07","9d8jx7kn"),
	("yw0xd5pm",27923,"2021-03-10","9d8jx7kn"),
	("m770we5m",27977,"2021-09-28","9d8jx7kn"),
	("yopq1n7m",28581,"2022-07-04","9d8jx7kn"),
	("nz1817gy",28851,"2015-08-12","9d8jx7kn"),
	("meogx6qz",29106,"2020-07-16","9d8jx7kn"),
	("me49o02y",30490,"2021-08-22","9d8jx7kn"),
	("yj15d8gy",30711,"2021-02-10","9d8jx7kn"),
	("ywpxj5pz",32311,"2019-01-19","9d8jx7kn"),
	("m7x1170y",32752,"2022-07-28","9d8jx7kn"),
	("y25l936y",33113,"2020-08-28","9d8jx7kn"),
	("2ywv4gpz",33516,"2016-04-24","9d8jx7kn"),
	("zg2xq7jy",35756,"2023-01-06","9d8jx7kn"),
	("y60nedqy",24488,"2022-05-25","zdnz07dq"),
	("z0r4v38z",24597,"2021-07-14","zdnz07dq"),
	("yj38kpnz",25780,"2019-10-27","zdnz07dq"),
	("mro1j4dm",25828,"2023-01-11","zdnz07dq"),
	("ylq3vpnz",26169,"2021-04-09","zdnz07dq"),
	("yopjew7m",26800,"2021-12-19","zdnz07dq"),
	("z5drvl5m",28431,"2021-08-26","zdnz07dq"),
	("z03n2goz",30405,"2018-12-03","zdnz07dq"),
	("zn8kxq8z",30603,"2017-07-02","zdnz07dq"),
	("pm34vl6z",30873,"2017-02-13","zdnz07dq"),
	("zgpj9jez",32801,"2022-07-02","zdnz07dq"),
	("zgn3jkjy",33167,"2017-04-14","zdnz07dq"),
	("mrnl604y",33813,"2021-09-28","zdnz07dq"),
	("8y8v90wz",35531,"2015-08-11","zdnz07dq"),
	("zx4xw58y",53553,"2019-01-28","zdnz07dq"),
	("ywk3x3py",16239,"2021-09-12","5dwy8nkg"),
	("m3nk144y",16274,"2021-03-02","5dwy8nkg"),
	("ydgdn7vy",16386,"2023-02-01","5dwy8nkg"),
	("me32xp9z",16412,"2022-07-04","5dwy8nkg"),
	("yln6e03z",16504,"2023-02-17","5dwy8nkg"),
	("meoxwn3z",16653,"2020-04-18","5dwy8nkg"),
	("z0ndj64m",16734,"2023-03-01","5dwy8nkg"),
	("y99qk0ey",16790,"2021-07-11","5dwy8nkg"),
	("yo9q877y",16893,"2021-03-15","5dwy8nkg"),
	("y27ep09z",16903,"2021-09-17","5dwy8nkg"),
	("mk34845z",17011,"2020-04-02","5dwy8nkg"),
	("m7qv2q4z",17042,"2020-02-03","5dwy8nkg"),
	("zgxow7jm",17069,"2021-03-10","5dwy8nkg"),
	("z18vrlry",17197,"2021-03-14","5dwy8nkg"),
	("mk7ron5y",17204,"2021-03-23","5dwy8nkg"),
	("zgd63lvz",17330,"2022-02-26","5dwy8nkg"),
	("m77xlp9m",17331,"2021-09-18","5dwy8nkg"),
	("yo71631m",17565,"2021-07-20","5dwy8nkg"),
	("m3nqgwqy",17683,"2021-02-27","5dwy8nkg"),
	("mk70g7xy",17685,"2021-02-27","5dwy8nkg"),
	("1zxp275y",17780,"2017-01-09","5dwy8nkg"),
	("y4g69pdy",17802,"2023-02-26","5dwy8nkg"),
	("ylog60ny",17846,"2021-04-07","5dwy8nkg"),
	("meewlj9m",17853,"2023-03-01","5dwy8nkg"),
	("mk70x23y",17919,"2021-03-01","5dwy8nkg"),
	("pyd2kewm",18234,"2016-08-07","5dwy8nkg"),
	("zgnpp3vy",19015,"2017-10-22","5dwy8nkg"),
	("1zq7xx1m",19234,"2016-03-09","5dwy8nkg"),
	("dy4dnr2y",19245,"2017-03-05","5dwy8nkg"),
	("7z051rom",20028,"2015-05-09","5dwy8nkg"),
	("y6719g6m",20156,"2018-04-24","5dwy8nkg"),
	("zgrg4onm",20603,"2021-08-31","5dwy8nkg"),
	("ydqpv9xm",20721,"2018-03-30","5dwy8nkg"),
	("m3l017dm",20994,"2023-02-25","5dwy8nkg"),
	("dy4keqml",21182,"2014-05-03","5dwy8nkg"),
	("oy2kdwyd",21264,"2014-04-06","5dwy8nkg"),
	("y8rond1m",22122,"2020-12-18","5dwy8nkg"),
	("yl98lq2y",22449,"2018-04-28","5dwy8nkg"),
	("y9n9d02z",23189,"2021-02-06","5dwy8nkg"),
	("0y6xq96y",23659,"2016-04-02","5dwy8nkg"),
	("yv18834y",25353,"2021-06-04","5dwy8nkg"),
	("mr6xlk2m",28267,"2022-02-01","5dwy8nkg"),
	("mrn0338y",30392,"2013-05-16","5dwy8nkg"),
	("yle2q9nz",20910,"2022-03-11","jdzpvgkv"),
	("y654gqqz",21116,"2020-08-20","jdzpvgkv"),
	("y20gv96m",21352,"2022-02-01","jdzpvgkv"),
	("ywjwk10z",21396,"2022-02-22","jdzpvgkv"),
	("z0okov4z",21862,"2022-03-06","jdzpvgkv"),
	("ylq1972z",21866,"2021-05-29","jdzpvgkv"),
	("mejp8k2y",22406,"2022-03-05","jdzpvgkv"),
	("y8edjody",22555,"2021-08-27","jdzpvgkv"),
	("zgn7kj0y",24156,"2017-05-14","jdzpvgkv"),
	("ylnd6ekz",28277,"2023-02-27","jdzpvgkv"),
	("8m7kx8wz",29384,"2017-02-27","jdzpvgkv"),
	("pzg8w0y2",33271,"2014-01-25","jdzpvgkv"),
	("zgg1d8nz",1110,"2021-07-06","9d84vwkn"),
	("mr1xd7dz",1130,"2021-06-21","9d84vwkn"),
	("ylr80nky",1136,"2021-11-19","9d84vwkn"),
	("y80wx1nm",1142,"2023-03-01","9d84vwkn"),
	("zxd35d8y",1157,"2020-11-28","9d84vwkn"),
	("y66ge31y",1173,"2021-03-16","9d84vwkn"),
	("zqwp8e1z",1184,"2020-08-02","9d84vwkn"),
	("yddw1dwy",1186,"2022-05-25","9d84vwkn"),
	("meejpeqm",1186,"2023-01-27","9d84vwkn"),
	("m37ro8qz",1187,"2021-08-26","9d84vwkn"),
	("y9l669vy",1196,"2022-01-29","9d84vwkn"),
	("zqglw75m",1199,"2021-04-02","9d84vwkn"),
	("z1j2539z",1215,"2019-09-13","9d84vwkn"),
	("y2j511wz",1218,"2022-12-25","9d84vwkn"),
	("yoppoodm",1236,"2022-05-30","9d84vwkn"),
	("me45qe3y",1256,"2021-11-17","9d84vwkn"),
	("yo7q431m",1262,"2021-04-16","9d84vwkn"),
	("zp3xvpxm",1282,"2021-03-13","9d84vwkn"),
	("yj8oo47m",1282,"2023-02-24","9d84vwkn"),
	("zxgjl58y",1290,"2021-06-25","9d84vwkn"),
	("y959gkvz",1300,"2019-08-24","9d84vwkn"),
	("zxdwvvky",1304,"2020-11-29","9d84vwkn"),
	("z05qqe4m",1332,"2020-07-19","9d84vwkn"),
	("y80xr15m",1340,"2023-02-04","9d84vwkn"),
	("znjrrw9m",1363,"2022-12-16","9d84vwkn"),
	("y8r44r1m",1369,"2021-01-04","9d84vwkn"),
	("y69d0xpy",1376,"2021-08-26","9d84vwkn"),
	("y45kvvqm",1378,"2018-01-09","9d84vwkn"),
	("zp1o91vz",1379,"2021-06-26","9d84vwkn"),
	("y69090py",1409,"2021-09-11","9d84vwkn"),
	("yvgd316y",1412,"2018-04-20","9d84vwkn"),
	("y95w72nz",1434,"2020-01-29","9d84vwkn"),
	("8m74x44m",1435,"2017-02-09","9d84vwkn"),
	("yj46wdgy",1436,"2018-08-13","9d84vwkn"),
	("zp4en48z",1439,"2020-02-21","9d84vwkn"),
	("yo3rqw5y",1440,"2020-11-08","9d84vwkn"),
	("zpqd43ny",1444,"2017-11-06","9d84vwkn"),
	("zxgn188y",1471,"2021-06-07","9d84vwkn"),
	("y4wx56nm",1477,"2020-06-07","9d84vwkn"),
	("z5xeo35y",1503,"2022-09-14","9d84vwkn"),
	("yjk2gg7m",1542,"2017-12-15","9d84vwkn"),
	("mrk2g84y",1556,"2020-07-08","9d84vwkn"),
	("y23rp26m",1564,"2018-03-11","9d84vwkn"),
	("m3d3n5dz",1566,"2017-10-18","9d84vwkn"),
	("z5ej585z",1566,"2022-12-24","9d84vwkn"),
	("kz5lkwgy",1567,"2016-10-28","9d84vwkn"),
	("y23j227m",1574,"2017-12-03","9d84vwkn"),
	("8m7e0v0z",1575,"2016-10-27","9d84vwkn"),
	("yw198v3z",1578,"2018-04-22","9d84vwkn"),
	("pzgd88jz",1584,"2016-02-16","9d84vwkn"),
	("y2p5nl9z",1586,"2022-04-24","9d84vwkn"),
	("zgn4qw0y",1603,"2018-05-13","9d84vwkn"),
	("m78leg0z",1614,"2021-03-20","9d84vwkn"),
	("pyd277qm",1620,"2016-08-06","9d84vwkn"),
	("mrro368m",1621,"2022-09-18","9d84vwkn"),
	("yw1g5k0z",1623,"2018-01-21","9d84vwkn"),
	("y2e6lg6y",1643,"2022-11-07","9d84vwkn"),
	("8yvr198z",1644,"2016-02-14","9d84vwkn"),
	("m363514m",1658,"2022-01-19","9d84vwkn"),
	("zpqq55gy",1687,"2017-05-07","9d84vwkn"),
	("y815qd1z",1690,"2020-03-14","9d84vwkn"),
	("zgrjj50m",1698,"2021-10-24","9d84vwkn"),
	("z5eo7ojz",1702,"2022-12-02","9d84vwkn"),
	("wzp2d8xy",1703,"2016-01-18","9d84vwkn"),
	("z0e6159m",1713,"2017-07-28","9d84vwkn"),
	("y2ewpw7y",1736,"2022-10-08","9d84vwkn"),
	("yvgk358y",1738,"2018-04-04","9d84vwkn"),
	("z5vl8qdm",1739,"2022-02-25","9d84vwkn"),
	("mrk1od8y",1745,"2020-05-19","9d84vwkn"),
	("ydqgnjxm",1751,"2017-12-03","9d84vwkn"),
	("z0eq48om",1753,"2018-02-05","9d84vwkn"),
	("pzg2qwey",1758,"2016-05-07","9d84vwkn"),
	("zxgrq45y",1759,"2021-07-12","9d84vwkn"),
	("y82kxjdy",1781,"2020-07-05","9d84vwkn"),
	("yle89wxz",1813,"2022-03-22","9d84vwkn"),
	("1zxdlkqy",1830,"2015-06-27","9d84vwkn"),
	("z138rx7m",1835,"2017-07-31","9d84vwkn"),
	("pzgxoedm",1855,"2015-08-16","9d84vwkn"),
	("nz1x6p9m",1889,"2015-12-23","9d84vwkn"),
	("yj864v7m",1890,"2022-12-31","9d84vwkn"),
	("9mrqnj7y",1918,"2014-09-08","9d84vwkn"),
	("9me4rp0y",1926,"2016-01-01","9d84vwkn"),
	("yw1oq23z",1959,"2018-03-24","9d84vwkn"),
	("z0r1w6ez",1974,"2021-04-21","9d84vwkn"),
	("ydq209qm",1975,"2017-12-31","9d84vwkn"),
	("y69r940y",1980,"2021-08-19","9d84vwkn"),
	("pm34xedz",1982,"2017-02-09","9d84vwkn"),
	("y45e6rnm",1989,"2017-07-19","9d84vwkn"),
	("8m7wjj9z",2008,"2016-01-30","9d84vwkn"),
	("y6ldv61y",2009,"2019-08-21","9d84vwkn"),
	("zn8oke9z",2010,"2017-07-29","9d84vwkn"),
	("zq3eex5y",2030,"2018-11-27","9d84vwkn"),
	("y23vpp5m",2032,"2017-07-31","9d84vwkn"),
	("dy44qeqy",2039,"2017-02-08","9d84vwkn"),
	("mk94qllz",2076,"2018-06-16","9d84vwkn"),
	("mexgln8z",2089,"2020-01-02","9d84vwkn"),
	("z069w44z",2116,"2021-01-29","9d84vwkn"),
	("me8n0eqm",2123,"2019-02-08","9d84vwkn"),
	("7z062qez",2129,"2015-08-13","9d84vwkn"),
	("dy4e81nm",2148,"2014-08-30","9d84vwkn"),
	("mrrwdvgm",2151,"2022-10-30","9d84vwkn"),
	("zxn62n5m",2152,"2023-01-06","9d84vwkn"),
	("y6lp1ejy",2180,"2019-06-23","9d84vwkn"),
	("0y6pvpqm",2198,"2015-02-01","9d84vwkn"),
	("2ywnq69y",2199,"2016-07-16","9d84vwkn"),
	("yw3rlv9m",2243,"2022-06-17","9d84vwkn"),
	("z1x3o3jm",2253,"2021-07-29","9d84vwkn"),
	("mr9xqddm",2278,"2020-12-10","9d84vwkn"),
	("zqgxde9m",2324,"2021-04-08","9d84vwkn"),
	("yw4g50pz",2332,"2019-12-23","9d84vwkn"),
	("ylon7p2y",2363,"2021-02-23","9d84vwkn"),
	("7z0e7w8m",2365,"2014-03-28","9d84vwkn"),
	("zxvx948y",2398,"2018-01-24","9d84vwkn"),
	("1zx74qqy",2405,"2016-02-08","9d84vwkn"),
	("mk5qn4lm",2420,"2021-10-07","9d84vwkn"),
	("8yvgo4ey",2422,"2014-03-24","9d84vwkn"),
	("y4wk79dm",2477,"2020-07-04","9d84vwkn"),
	("y2579d7y",2481,"2020-05-22","9d84vwkn"),
	("0zn80wlz",2526,"2013-06-24","9d84vwkn"),
	("8yv6w4oz",2553,"2015-06-22","9d84vwkn"),
	("y66vj4qy",2559,"2021-03-09","9d84vwkn"),
	("0y6or4py",2627,"2016-04-25","9d84vwkn"),
	("z1j8gogz",2627,"2019-08-06","9d84vwkn"),
	("emkrellz",2643,"2016-12-20","9d84vwkn"),
	("pzg1eenz",2691,"2017-01-21","9d84vwkn"),
	("yv2pxvom",2763,"2021-03-01","9d84vwkn"),
	("yden34wm",2783,"2021-10-08","9d84vwkn"),
	("yj3xrl7z",2829,"2019-09-23","9d84vwkn"),
	("zxgkvxky",2967,"2021-04-08","9d84vwkn"),
	("pzg00djm",3076,"2017-02-17","9d84vwkn"),
	("zq43705m",3119,"2020-09-20","9d84vwkn"),
	("m3onn7dm",3159,"2018-08-22","9d84vwkn"),
	("y489j6qm",3269,"2021-12-03","9d84vwkn"),
	("m3108qdz",3538,"2019-12-24","9d84vwkn"),
	("oy22g66y",3609,"2016-08-24","9d84vwkn"),
	("mk4ln2xy",3676,"2017-04-17","9d84vwkn"),
	("zp8r90ny",6589,"2021-08-14","9d84vwkn"),
	("7yl589kz",18738,"2017-01-05","9d84vwkn"),
	("z5r5e15y",1703,"2021-04-10","vdozvykp"),
	("zn32on3y",1733,"2020-12-06","vdozvykp"),
	("z0oq7qjz",1791,"2022-02-18","vdozvykp"),
	("zqv4k35m",1798,"2021-08-17","vdozvykp"),
	("ywk6w6py",1805,"2021-09-19","vdozvykp"),
	("me1rr39y",1858,"2022-11-26","vdozvykp"),
	("ywq52gny",1904,"2021-07-04","vdozvykp"),
	("mrnk8v8y",1938,"2021-08-12","vdozvykp"),
	("zx40n4ey",1947,"2019-02-23","vdozvykp"),
	("y80r5gwm",1953,"2023-01-05","vdozvykp"),
	("ylkxvkxz",1961,"2020-07-15","vdozvykp"),
	("zq9jk6xy",1979,"2022-09-18","vdozvykp"),
	("m7920kwy",1985,"2017-12-02","vdozvykp"),
	("yv1r236y",2017,"2021-05-25","vdozvykp"),
	("yjkx44om",2023,"2017-09-24","vdozvykp"),
	("zqv17v5m",2078,"2021-08-28","vdozvykp"),
	("y8jevlwz",2092,"2022-01-10","vdozvykp"),
	("zn8pv6lz",2168,"2017-10-25","vdozvykp"),
	("y4g864dy",2183,"2023-01-27","vdozvykp"),
	("8yvwqwxm",2208,"2017-03-17","vdozvykp"),
	("zx2rne5m",2230,"2020-08-19","vdozvykp"),
	("z5vk8pnm",2249,"2022-02-09","vdozvykp"),
	("znkq5dvz",2258,"2020-06-17","vdozvykp"),
	("z53vgrey",2266,"2020-11-08","vdozvykp"),
	("yd339rjz",2272,"2018-06-25","vdozvykp"),
	("zgk9r6dy",2303,"2020-02-02","vdozvykp"),
	("z5o2k4dy",2309,"2017-10-25","vdozvykp"),
	("z5or25gy",2338,"2017-08-19","vdozvykp"),
	("mk7o19vy",2338,"2021-03-16","vdozvykp"),
	("zq69kj5y",2352,"2017-11-03","vdozvykp"),
	("pzg147vz",2358,"2017-01-29","vdozvykp"),
	("y9v03eem",2374,"2022-04-28","vdozvykp"),
	("ylnk4ekz",2375,"2022-12-25","vdozvykp"),
	("1zxpje5y",2376,"2017-01-25","vdozvykp"),
	("y8xdoxwm",2390,"2022-08-26","vdozvykp"),
	("zq1o535m",2415,"2021-07-13","vdozvykp"),
	("zn873w3z",2463,"2017-09-27","vdozvykp"),
	("yd57rdwm",2543,"2020-08-24","vdozvykp"),
	("mk2v37lm",2553,"2019-10-30","vdozvykp"),
	("y993j02y",2564,"2021-05-17","vdozvykp"),
	("zpll67vm",2624,"2020-10-16","vdozvykp"),
	("z510djnm",2627,"2018-08-24","vdozvykp"),
	("yjk2297m",2650,"2017-12-16","vdozvykp"),
	("m3dw0o4z",2662,"2018-02-13","vdozvykp"),
	("mrqpgg7y",2778,"2018-04-17","vdozvykp"),
	("z5xl45jy",2782,"2022-10-16","vdozvykp"),
	("y8jjvqnz",2808,"2022-01-16","vdozvykp"),
	("0y6480qm",2859,"2017-02-15","vdozvykp"),
	("yd6n2p0z",2863,"2019-12-18","vdozvykp"),
	("7yl804kz",2907,"2017-02-21","vdozvykp"),
	("mk7lrl1y",2919,"2021-01-15","vdozvykp"),
	("yd6k5jvz",2967,"2020-03-13","vdozvykp"),
	("pzgpgxjz",2972,"2017-04-13","vdozvykp"),
	("znk59pvz",3000,"2020-08-09","vdozvykp"),
	("6yjdjgny",3086,"2016-03-10","vdozvykp"),
	("m3dn0q4z",3093,"2017-08-06","vdozvykp"),
	("wzpvjwvz",3115,"2017-01-29","vdozvykp"),
	("yvr5374z",3118,"2022-07-09","vdozvykp"),
	("zxvlr5ey",3147,"2017-10-11","vdozvykp"),
	("zn87927z",3195,"2017-10-07","vdozvykp"),
	("y67wv0qm",3270,"2018-03-28","vdozvykp"),
	("y2p5v47z",3306,"2022-04-27","vdozvykp"),
	("8m7vjr0m",3308,"2017-01-03","vdozvykp"),
	("emk8e2vm",3363,"2015-07-02","vdozvykp"),
	("y20jqq9m",3400,"2022-01-27","vdozvykp"),
	("m79xjj9y",3402,"2017-11-19","vdozvykp"),
	("pm31jpgz",3405,"2014-11-17","vdozvykp"),
	("0y6rr66y",3687,"2016-01-19","vdozvykp"),
	("8m75wq0z",3751,"2013-08-13","vdozvykp"),
	("mrr0104m",3767,"2022-10-12","vdozvykp"),
	("8y81ok1z",4056,"2015-04-19","vdozvykp"),
	("m37gddwz",4085,"2021-08-17","vdozvykp"),
	("9yo0nxjy",4232,"2016-08-24","vdozvykp"),
	("yw687x2m",4239,"2022-08-15","vdozvykp"),
	("me821g9m",4298,"2019-02-23","vdozvykp"),
	("y91l0rvm",4397,"2020-10-25","vdozvykp"),
	("8y8qlvwy",4638,"2014-05-09","vdozvykp"),
	("y2qpwj9y",4766,"2018-10-25","vdozvykp"),
	("6yjvoloy",4836,"2017-02-11","vdozvykp"),
	("m798jney",4909,"2017-08-10","vdozvykp"),
	("m35jjldy",5028,"2020-07-20","vdozvykp"),
	("z0502v8m",5389,"2020-08-03","vdozvykp"),
	("2ywkd0ny",5465,"2015-11-25","vdozvykp"),
	("8y8rj21m",7032,"2015-07-06","vdozvykp"),
	("0zn5n88z",31827,"2017-01-05","vdozvykp"),
	("oy2pwojz",45474,"2016-02-27","vdozvykp"),
	("zpdqp78z",2970,"2022-08-02","xd1gmzd8"),
	("m7d1294m",2980,"2021-04-10","xd1gmzd8"),
	("zp95o0rm",3022,"2022-07-12","xd1gmzd8"),
	("y2vl9k5z",3088,"2021-04-05","xd1gmzd8"),
	("zp83onxy",3131,"2021-08-25","xd1gmzd8"),
	("yw0g8o0m",3133,"2021-03-06","xd1gmzd8"),
	("znr26v7y",3147,"2019-12-24","xd1gmzd8"),
	("y20v5k5m",3166,"2022-01-02","xd1gmzd8"),
	("y4ge462y",3199,"2023-01-04","xd1gmzd8"),
	("yv86464m",3234,"2022-12-24","xd1gmzd8"),
	("y803g95m",3241,"2022-11-30","xd1gmzd8"),
	("m7wd479z",3294,"2022-01-08","xd1gmzd8"),
	("mrnq0d7y",3295,"2021-07-31","xd1gmzd8"),
	("yorx3qjy",3297,"2022-02-06","xd1gmzd8"),
	("yvr483oz",3329,"2022-04-05","xd1gmzd8"),
	("yjxex7nz",3434,"2022-02-24","xd1gmzd8"),
	("y65x1p0z",3491,"2020-06-18","xd1gmzd8"),
	("ylnrk82z",3504,"2023-01-18","xd1gmzd8"),
	("z5rr4key",3583,"2021-05-14","xd1gmzd8"),
	("y8dl6exz",3642,"2021-07-07","xd1gmzd8"),
	("yjd5443y",3708,"2022-08-27","xd1gmzd8"),
	("me739x3y",3732,"2021-05-25","xd1gmzd8"),
	("mr6njl8m",3739,"2022-01-09","xd1gmzd8"),
	("y273rv5z",3770,"2021-08-02","xd1gmzd8"),
	("y93o55ny",3902,"2021-07-24","xd1gmzd8"),
	("mrk54ggy",3974,"2020-08-05","xd1gmzd8"),
	("mr85ej4y",3983,"2019-03-04","xd1gmzd8"),
	("yj1r1w3y",4046,"2021-03-26","xd1gmzd8"),
	("yw3pg7pm",4084,"2022-04-18","xd1gmzd8"),
	("zpgleerz",4153,"2020-10-09","xd1gmzd8"),
	("yvgj28oy",4233,"2017-05-16","xd1gmzd8"),
	("z118rvjz",4283,"2018-08-24","xd1gmzd8"),
	("2yw5wjny",4332,"2016-12-31","xd1gmzd8"),
	("zgdpxnvz",4342,"2022-01-19","xd1gmzd8"),
	("y93o9dky",4534,"2021-07-25","xd1gmzd8"),
	("8y8npexy",4616,"2016-12-30","xd1gmzd8"),
	("y97x3rvm",4700,"2017-11-10","xd1gmzd8"),
	("wzpok4xm",4727,"2016-12-02","xd1gmzd8"),
	("yw112d2z",4768,"2017-05-06","xd1gmzd8"),
	("7ylww7xz",5181,"2017-02-17","xd1gmzd8"),
	("zq3k718y",5186,"2018-05-28","xd1gmzd8"),
	("zn4eld9m",9094,"2019-01-05","xd1gmzd8"),
	("6yj70k3y",31827,"2017-01-05","xd1gmzd8"),
	("y4g369dy",8117,"2022-12-13","xd173wwd"),
	("y80qe3dm",8137,"2022-12-04","xd173wwd"),
	("zqrwnp5y",8343,"2019-07-18","xd173wwd"),
	("m3xp2kdm",8821,"2022-11-19","xd173wwd"),
	("m7x3dl5y",8966,"2022-09-26","xd173wwd"),
	("z1pn48jz",9250,"2022-06-28","xd173wwd"),
	("ywq2w99y",9684,"2021-06-29","xd173wwd"),
	("zqe9l99z",9743,"2023-02-08","xd173wwd"),
	("y6x5gw1y",10076,"2022-08-14","xd173wwd"),
	("y2p01njz",10443,"2022-05-23","xd173wwd"),
	("mrr8ojgm",10545,"2022-08-04","xd173wwd"),
	("me67d53z",12314,"2020-10-29","xd173wwd"),
	("ywpeke2z",14115,"2018-01-18","xd173wwd"),
	("y90lekky",22189,"2017-09-09","xd173wwd"),
	("m356vk4y",23632,"2016-06-18","xd173wwd"),
	("mee62n8m",407,"2023-01-04","vdo1q62p"),
	("yd1l1dvy",428,"2022-10-08","vdo1q62p"),
	("y9v8lg2m",429,"2022-06-14","vdo1q62p"),
	("zn12nwvm",458,"2021-06-17","vdo1q62p"),
	("yop3w3dm",465,"2022-05-06","vdo1q62p"),
	("ywvqe00z",469,"2023-01-11","vdo1q62p"),
	("z5egwdez",472,"2023-03-07","vdo1q62p"),
	("zq98xd8y",476,"2022-10-03","vdo1q62p"),
	("yvrd6p4z",477,"2022-07-22","vdo1q62p"),
	("yw3jpd0m",506,"2022-05-23","vdo1q62p"),
	("y9696kvy",510,"2023-01-15","vdo1q62p"),
	("yw3j5j2m",513,"2022-05-27","vdo1q62p"),
	("yv057o4z",513,"2022-10-29","vdo1q62p"),
	("z0lgo24z",516,"2022-11-16","vdo1q62p"),
	("yoj231jm",518,"2019-06-15","vdo1q62p"),
	("zn0lpk7y",518,"2021-11-14","vdo1q62p"),
	("yvrl0x8z",522,"2022-06-20","vdo1q62p"),
	("yj4xje3y",522,"2018-10-01","vdo1q62p"),
	("z1p5w1gz",532,"2022-05-01","vdo1q62p"),
	("znk1dg8z",533,"2020-05-17","vdo1q62p"),
	("m3l5vlgm",538,"2022-12-29","vdo1q62p"),
	("y2750vwz",540,"2021-08-14","vdo1q62p"),
	("yl07qqny",547,"2019-10-01","vdo1q62p"),
	("mk29r61m",550,"2019-06-22","vdo1q62p"),
	("mr8j307y",557,"2018-06-07","vdo1q62p"),
	("mkeod4vm",564,"2022-02-23","vdo1q62p"),
	("znj1g9lm",565,"2023-01-16","vdo1q62p"),
	("zgkkkqjy",566,"2019-06-25","vdo1q62p"),
	("z0e2ekom",573,"2018-03-20","vdo1q62p"),
	("y45dp4km",575,"2018-05-05","vdo1q62p"),
	("z0o89pjz",576,"2022-02-20","vdo1q62p"),
	("z5o00v5y",576,"2017-07-30","vdo1q62p"),
	("zpgrgvgz",576,"2022-12-28","vdo1q62p"),
	("yd1ow3jy",582,"2022-10-27","vdo1q62p"),
	("zx48o6ey",583,"2018-11-08","vdo1q62p"),
	("zq32nl8y",583,"2019-02-14","vdo1q62p"),
	("yl9pxvny",584,"2018-02-14","vdo1q62p"),
	("y6748d0m",590,"2018-04-14","vdo1q62p"),
	("y969vlny",595,"2022-12-31","vdo1q62p"),
	("mkeq97lm",595,"2022-02-06","vdo1q62p"),
	("y4gxjndy",598,"2023-02-07","vdo1q62p"),
	("zx6ervqz",599,"2021-04-08","vdo1q62p"),
	("yl7698km",600,"2020-07-30","vdo1q62p"),
	("yl4n5rkm",601,"2018-12-02","vdo1q62p"),
	("mr6vd2dm",606,"2022-02-15","vdo1q62p"),
	("9men6e9m",609,"2016-10-16","vdo1q62p"),
	("zxn86egm",609,"2023-02-05","vdo1q62p"),
	("zqv8nk1m",618,"2021-10-11","vdo1q62p"),
	("y96748ey",624,"2022-12-09","vdo1q62p"),
	("yv348g8z",627,"2019-05-22","vdo1q62p"),
	("zxnvn7km",635,"2022-12-06","vdo1q62p"),
	("pzg8rr0y",639,"2016-07-17","vdo1q62p"),
	("z51ojndm",646,"2018-06-10","vdo1q62p"),
	("2ywjod9z",648,"2016-01-29","vdo1q62p"),
	("y9vpk42m",652,"2022-07-03","vdo1q62p"),
	("zn862r7z",652,"2018-03-29","vdo1q62p"),
	("ylro7pny",653,"2021-08-24","vdo1q62p"),
	("z500j0ny",657,"2021-02-01","vdo1q62p"),
	("znrqo47y",659,"2019-10-16","vdo1q62p"),
	("y96nrqny",667,"2023-01-11","vdo1q62p"),
	("z13er0wm",668,"2018-04-24","vdo1q62p"),
	("zx8p7r8m",671,"2022-11-03","vdo1q62p"),
	("pm3dlnqz",681,"2014-06-01","vdo1q62p"),
	("z0o3xd8z",683,"2021-12-15","vdo1q62p"),
	("m79rl94y",687,"2018-05-18","vdo1q62p"),
	("y25p5q5y",689,"2020-06-06","vdo1q62p"),
	("yd32r8vz",693,"2018-12-27","vdo1q62p"),
	("0y6nvdpz",699,"2016-01-24","vdo1q62p"),
	("7z0d4xoy",704,"2016-09-03","vdo1q62p"),
	("ywvk4j0z",707,"2023-01-18","vdo1q62p"),
	("y97e5jem",711,"2018-02-20","vdo1q62p"),
	("ylovqpxy",713,"2021-01-29","vdo1q62p"),
	("z5x5xkey",713,"2022-07-28","vdo1q62p"),
	("y25dox7y",714,"2020-05-08","vdo1q62p"),
	("mrqkx97y",719,"2017-07-02","vdo1q62p"),
	("dy45g2km",743,"2014-03-29","vdo1q62p"),
	("y8vj8pxz",750,"2021-02-14","vdo1q62p"),
	("y6o08nqy",751,"2023-02-02","vdo1q62p"),
	("yw3lqwpm",752,"2022-07-26","vdo1q62p"),
	("znrg7jly",757,"2020-01-23","vdo1q62p"),
	("z15po7ry",764,"2020-06-06","vdo1q62p"),
	("y236e7wm",766,"2018-03-26","vdo1q62p"),
	("meo3vv0z",771,"2020-06-05","vdo1q62p"),
	("zp0ex58m",775,"2019-04-11","vdo1q62p"),
	("2ywp0gnz",785,"2015-02-16","vdo1q62p"),
	("m7qvqgwz",805,"2020-01-31","vdo1q62p"),
	("z0756pey",817,"2021-08-13","vdo1q62p"),
	("zgn3x6jy",827,"2017-04-04","vdo1q62p"),
	("oy26ok7m",835,"2017-01-29","vdo1q62p"),
	("7z0437ey",859,"2017-02-01","vdo1q62p"),
	("z06pdlez",872,"2021-02-17","vdo1q62p"),
	("m72w9rwz",873,"2023-01-23","vdo1q62p"),
	("y8e6k9ny",887,"2021-09-29","vdo1q62p"),
	("z5ergrjz",888,"2023-01-16","vdo1q62p"),
	("m3no5nwy",891,"2021-01-14","vdo1q62p"),
	("yl9g3rny",900,"2018-05-05","vdo1q62p"),
	("zn0l9w8y",918,"2021-11-16","vdo1q62p"),
	("m7934e9y",930,"2018-01-09","vdo1q62p"),
	("1zq6eg8y",938,"2014-10-30","vdo1q62p"),
	("mrk7157y",945,"2020-06-07","vdo1q62p"),
	("yjkvrw7m",966,"2018-03-07","vdo1q62p"),
	("yvgx99xy",977,"2018-01-27","vdo1q62p"),
	("z0en11om",1029,"2017-11-22","vdo1q62p"),
	("y42wkwqm",1059,"2021-01-27","vdo1q62p"),
	("yvoqxg8z",1065,"2021-09-07","vdo1q62p"),
	("y96lrrvy",1090,"2023-01-28","vdo1q62p"),
	("yo4egv7m",1328,"2018-03-03","vdo1q62p"),
	("zn74q63m",1344,"2021-12-14","vdo1q62p"),
	("y4qw7v3m",1583,"2022-04-28","vdo1q62p"),
	("m3lrgoqm",1246,"2023-01-12","wkp3qj2r"),
	("y2ewek5y",1253,"2022-10-09","wkp3qj2r"),
	("yd1v96jy",1313,"2022-10-13","wkp3qj2r"),
	("yojjgojm",1435,"2019-07-05","wkp3qj2r"),
	("y2er3o5y",1436,"2022-10-24","wkp3qj2r"),
	("m35qpegy",1469,"2020-07-01","wkp3qj2r"),
	("yv893r6m",1483,"2022-12-31","wkp3qj2r"),
	("y2jvq9wz",1486,"2023-01-05","wkp3qj2r"),
	("z5r5rojy",1494,"2021-04-10","wkp3qj2r"),
	("z519n9gm",1524,"2019-05-12","wkp3qj2r"),
	("yw1nk32z",1529,"2018-01-01","wkp3qj2r"),
	("zg231xvy",1536,"2022-11-30","wkp3qj2r"),
	("m762o60y",1540,"2022-06-10","wkp3qj2r"),
	("y95vnj2z",1544,"2019-09-30","wkp3qj2r"),
	("mro2wl7m",1545,"2023-02-25","wkp3qj2r"),
	("zpgg7e8z",1554,"2023-02-15","wkp3qj2r"),
	("m7p0v50m",1560,"2018-12-18","wkp3qj2r"),
	("z5eodnnz",1566,"2022-12-04","wkp3qj2r"),
	("z1pdokgz",1590,"2022-04-03","wkp3qj2r"),
	("yo47ekjm",1620,"2017-08-27","wkp3qj2r"),
	("yd5lgexm",1634,"2020-07-19","wkp3qj2r"),
	("yjl7odoz",1638,"2020-08-08","wkp3qj2r"),
	("0znd6g8m",1646,"2017-03-26","wkp3qj2r"),
	("y80kee1m",1657,"2023-02-22","wkp3qj2r"),
	("yw1ndl3z",1659,"2017-12-31","wkp3qj2r"),
	("zgq901ey",1668,"2022-10-30","wkp3qj2r"),
	("yjdej17y",1719,"2022-10-11","wkp3qj2r"),
	("zxdgo65y",1733,"2020-10-26","wkp3qj2r"),
	("zgr9el0m",1740,"2021-11-03","wkp3qj2r"),
	("y890611m",1742,"2018-11-28","wkp3qj2r"),
	("7z082djm",1749,"2016-11-05","wkp3qj2r"),
	("oy2vwv6z",1774,"2015-09-05","wkp3qj2r"),
	("z03v27oz",1780,"2019-05-12","wkp3qj2r"),
	("me6k16qz",1799,"2020-09-14","wkp3qj2r"),
	("7yl6el3y",1810,"2016-06-13","wkp3qj2r"),
	("yo3kg40y",1881,"2020-10-11","wkp3qj2r"),
	("9yoo5n5y",1902,"2016-08-02","wkp3qj2r"),
	("z5xvdpny",1928,"2022-09-02","wkp3qj2r"),
	("y430qvdz",1956,"2019-03-08","wkp3qj2r"),
	("oy2vdejz",1970,"2015-08-16","wkp3qj2r"),
	("zxvn6e5y",1978,"2017-11-26","wkp3qj2r"),
	("8m7odk4y",1980,"2016-09-16","wkp3qj2r"),
	("mrkq2e8y",1988,"2020-04-04","wkp3qj2r"),
	("zpgpqqgz",2015,"2023-02-20","wkp3qj2r"),
	("zpg3o78z",2024,"2023-01-09","wkp3qj2r"),
	("zggjr5vz",2045,"2021-06-25","wkp3qj2r"),
	("y650376z",2051,"2020-06-05","wkp3qj2r"),
	("mk4oox5y",2054,"2018-02-15","wkp3qj2r"),
	("m799q64y",2072,"2017-04-21","wkp3qj2r"),
	("yvowqx4z",2072,"2021-11-26","wkp3qj2r"),
	("yjlp5n3z",2082,"2020-06-07","wkp3qj2r"),
	("zq037d5y",2083,"2021-12-14","wkp3qj2r"),
	("z1jg0ewz",2091,"2019-10-24","wkp3qj2r"),
	("mkv8nr3y",2105,"2023-01-04","wkp3qj2r"),
	("z0er91em",2176,"2017-08-17","wkp3qj2r"),
	("me1qg73y",2185,"2022-11-18","wkp3qj2r"),
	("yol3r31y",2218,"2023-01-02","wkp3qj2r"),
	("yvgkej6y",2266,"2018-04-15","wkp3qj2r"),
	("z01jopoy",2283,"2019-11-17","wkp3qj2r"),
	("z03x0v8z",2329,"2019-01-03","wkp3qj2r"),
	("zpd1vgnz",2394,"2022-08-26","wkp3qj2r"),
	("8y8q0v5y",2442,"2014-07-22","wkp3qj2r"),
	("zn888o7z",2465,"2017-04-21","wkp3qj2r"),
	("y97v91em",2492,"2017-10-19","wkp3qj2r"),
	("z13rx7rm",2530,"2017-08-20","wkp3qj2r"),
	("pyd785jy",2548,"2017-02-19","wkp3qj2r"),
	("z06np7ez",2637,"2021-02-14","wkp3qj2r"),
	("y6l84wqy",2691,"2020-02-09","wkp3qj2r"),
	("zpr3o5gm",2924,"2020-05-07","wkp3qj2r"),
	("y6n3w1jz",4004,"2021-12-04","wkp3qj2r"),
	("zgk5devy",4670,"2017-01-28","wkp3qj2r"),
	("zno0o07y",5135,"2021-02-05","wkp3qj2r"),
	("yv0ed5oz",5243,"2022-11-06","wkp3qj2r"),
	("zq3xew9y",5766,"2019-05-07","wkp3qj2r"),
	("y8q0761y",11330,"2017-12-09","wkp3qj2r"),
	("y2jw1d5z",2490,"2023-03-04","wdm6qekq"),
	("ywvxxg0z",2512,"2023-03-08","wdm6qekq"),
	("mr7v7e2z",2826,"2022-06-23","wdm6qekq"),
	("zgq35rdy",2857,"2022-07-31","wdm6qekq"),
	("y6odxl0y",2924,"2023-01-15","wdm6qekq"),
	("yjxqo33z",2957,"2022-03-03","wdm6qekq"),
	("m3nq56gy",2972,"2021-02-27","wdm6qekq"),
	("zn35603y",3102,"2020-12-27","wdm6qekq"),
	("z1o280rm",3115,"2020-11-06","wdm6qekq"),
	("z0nr778m",3196,"2023-01-13","wdm6qekq"),
	("zn4o8l8m",3197,"2018-08-20","wdm6qekq"),
	("y4502wqm",3207,"2018-03-04","wdm6qekq"),
	("z0nd579m",3359,"2023-02-26","wdm6qekq"),
	("y88lerdy",3406,"2022-07-15","wdm6qekq"),
	("y972xvkm",3410,"2017-05-21","wdm6qekq"),
	("oy2nd29y",3467,"2016-10-16","wdm6qekq"),
	("yojvg4dm",3483,"2019-05-27","wdm6qekq"),
	("ywv35v9z",3502,"2023-02-02","wdm6qekq"),
	("ywjw1q2z",3509,"2022-02-21","wdm6qekq"),
	("y2q6o79y",3539,"2019-03-29","wdm6qekq"),
	("yo4kq15m",3548,"2017-07-03","wdm6qekq"),
	("yj5npkdm",3554,"2021-11-26","wdm6qekq"),
	("9yookrjy",3592,"2016-07-12","wdm6qekq"),
	("y82r5qdy",3627,"2020-05-08","wdm6qekq"),
	("ydqq6evm",3701,"2017-04-23","wdm6qekq"),
	("ydqoovqm",3801,"2018-03-16","wdm6qekq"),
	("wzp26vny",3839,"2016-01-24","wdm6qekq"),
	("znj2077m",3941,"2023-02-28","wdm6qekq"),
	("y6p9g10m",3994,"2018-09-27","wdm6qekq"),
	("y23o8ejm",4108,"2018-05-01","wdm6qekq"),
	("zxl16r5z",4138,"2022-03-23","wdm6qekq"),
	("m78dn20z",4143,"2021-02-06","wdm6qekq"),
	("ylkep7kz",4148,"2020-06-02","wdm6qekq"),
	("8m704k5y",4249,"2016-07-01","wdm6qekq"),
	("8m7k524z",4366,"2017-02-23","wdm6qekq"),
	("yo29pd0z",4376,"2018-08-26","wdm6qekq"),
	("y21g6k5z",4962,"2019-11-24","wdm6qekq"),
	("kz52px5z",5579,"2016-02-20","wdm6qekq"),
	("zgnd7eny",5590,"2017-09-23","wdm6qekq"),
	("mrkn398y",6153,"2020-05-28","wdm6qekq"),
	("ywq5op9y",7021,"2021-07-04","wdm6qekq"),
	("yor1851y",7153,"2022-04-01","wdm6qekq"),
	("y91go3vm",8052,"2020-12-28","wdm6qekq"),
	("yvgnj58y",8772,"2018-02-07","wdm6qekq"),
	("z15rw6gy",9070,"2020-05-22","wdm6qekq"),
	("zx8vv7qm",11900,"2022-08-01","wdm6qekq"),
	("yd0nrkjz",14539,"2018-08-31","wdm6qekq"),
	("z0nl8rjm",3994,"2023-01-14","mkeoljjd"),
	("y2je2l5z",4114,"2023-02-06","mkeoljjd"),
	("zp3xgxnm",4117,"2021-01-05","mkeoljjd"),
	("m77jl9wm",4154,"2021-09-20","mkeoljjd"),
	("ywqnj40y",4193,"2021-06-13","mkeoljjd"),
	("y8xngrnm",4254,"2022-10-30","mkeoljjd"),
	("yopdd2jm",4268,"2022-06-04","mkeoljjd"),
	("z0oqpk8z",4374,"2022-02-19","mkeoljjd"),
	("z5jeq5jm",4574,"2020-06-24","mkeoljjd"),
	("y95jgjez",4743,"2019-12-23","mkeoljjd"),
	("yw1gg03z",4995,"2018-01-19","mkeoljjd"),
	("zxvl988y",5040,"2017-09-23","mkeoljjd"),
	("y9xqvgny",5119,"2022-11-10","mkeoljjd"),
	("z52qr3jz",5252,"2022-07-19","mkeoljjd"),
	("zqedv1xz",5652,"2023-02-22","mkeoljjd"),
	("emk191xy",5792,"2016-09-10","mkeoljjd"),
	("znj29q8m",5842,"2023-03-02","mkeoljjd"),
	("yokr1w0z",5923,"2020-06-05","mkeoljjd"),
	("zgwlv6vy",5967,"2020-07-10","mkeoljjd"),
	("z07pl54y",5996,"2021-09-11","mkeoljjd"),
	("0y6qo90z",6242,"2016-07-23","mkeoljjd"),
	("z15ld3wy",6512,"2020-06-25","mkeoljjd"),
	("y274x69z",6709,"2021-11-13","mkeoljjd"),
	("y8q29q1y",7398,"2017-06-21","mkeoljjd"),
	("ylq69grz",10456,"2021-06-07","mkeoljjd"),
	("yw8jnj0y",12360,"2020-06-02","mkeoljjd"),
	("mrnr4l8y",14520,"2021-09-16","mkeoljjd"),
	("z05odpem",15694,"2020-06-02","mkeoljjd"),
	("y93g1l2y",11640,"2021-10-29","zd37l5r2"),
	("mk5e551m",11963,"2021-08-24","zd37l5r2"),
	("meev0q9m",16634,"2022-11-29","zd37l5r2"),
	("zq9l3r1y",16640,"2022-11-14","zd37l5r2"),
	("zp9vw2xm",18239,"2022-07-15","zd37l5r2"),
	("z01gpkey",18591,"2020-03-08","zd37l5r2"),
	("me8v4vqm",19328,"2017-08-25","zd37l5r2"),
	("yd38eqqz",21217,"2018-01-31","zd37l5r2"),
	("yo2v6v1z",22632,"2015-04-02","zd37l5r2"),
	("z5xlrxjy",22687,"2022-01-01","zd37l5r2"),
	("mk9l543z",27414,"2017-05-01","zd37l5r2"),
	("z11dx3jz",46859,"2017-10-18","zd37l5r2"),
	("y2e9e35y",11224,"2022-07-30","7dgn1g42"),
	("mkgr873y",12279,"2021-06-09","7dgn1g42"),
	("y2vp955z",12884,"2021-02-16","7dgn1g42"),
	("zqedxd8z",13455,"2023-02-25","7dgn1g42"),
	("yj51v87m",13771,"2021-08-26","7dgn1g42"),
	("zn3ld38y",14135,"2020-05-30","7dgn1g42"),
	("y96j262y",15056,"2023-02-26","7dgn1g42"),
	("y6l02v0y",41442,"2016-06-04","7dgn1g42"),
	("y2j0r39z",1587,"2023-01-27","z2713420"),
	("zg2dwrdy",1641,"2023-01-24","z2713420"),
	("y6xv01jy",1654,"2022-10-02","z2713420"),
	("yvodo38z",1669,"2021-11-20","z2713420"),
	("yj8pojom",1701,"2023-02-01","z2713420"),
	("z0lj06jz",1760,"2022-09-23","z2713420"),
	("y82v1gny",1782,"2020-05-09","z2713420"),
	("zq911exy",1789,"2022-08-24","z2713420"),
	("y9x05vky",1819,"2022-08-12","z2713420"),
	("mk25d0xm",1831,"2019-09-02","z2713420"),
	("y8d41p1z",1834,"2021-07-10","z2713420"),
	("y929gkvz",1867,"2018-09-15","z2713420"),
	("y8x4gnxm",1871,"2022-11-12","z2713420"),
	("z5v9xlem",1892,"2022-03-30","z2713420"),
	("7z04dpjy",1897,"2017-02-10","z2713420"),
	("mre9og8y",1908,"2019-07-26","z2713420"),
	("yod9k4jm",1920,"2022-08-20","z2713420"),
	("m31kn9dz",1921,"2019-11-30","z2713420"),
	("zgw5gpvy",1921,"2020-08-25","z2713420"),
	("y8q2wk1y",1922,"2017-07-02","z2713420"),
	("y41wkd2y",1945,"2019-07-14","z2713420"),
	("y6lg2ppy",1970,"2020-01-13","z2713420"),
	("z0nn02em",1989,"2023-02-13","z2713420"),
	("yjk32x3m",1993,"2017-06-11","z2713420"),
	("yl0l81ry",1994,"2019-12-10","z2713420"),
	("emk6575z",2005,"2017-02-25","z2713420"),
	("ydwnv7xm",2006,"2022-02-14","z2713420"),
	("z13o777m",2009,"2017-07-22","z2713420"),
	("ywj5p39z",2010,"2022-03-05","z2713420"),
	("z09x489z",2015,"2020-12-04","z2713420"),
	("y8q4e5xy",2026,"2018-04-08","z2713420"),
	("yolpv5jy",2035,"2023-01-28","z2713420"),
	("mk4qrn3y",2037,"2018-01-08","z2713420"),
	("z510vkjm",2099,"2018-08-25","z2713420"),
	("yl9pln2y",2106,"2018-02-13","z2713420"),
	("znrjv33y",2106,"2019-11-04","z2713420"),
	("ydgd5dvy",2110,"2023-01-30","z2713420"),
	("z0lnjgoz",2162,"2022-09-10","z2713420"),
	("yjg2kwny",2174,"2021-06-07","z2713420"),
	("m7g805wm",2177,"2020-05-13","z2713420"),
	("zgwxk5vy",2205,"2020-05-10","z2713420"),
	("y60vwjpy",2218,"2022-06-25","z2713420"),
	("y90ngn2y",2220,"2020-05-14","z2713420"),
	("zxkj70qm",2240,"2020-01-12","z2713420"),
	("yorv9k1y",2255,"2021-11-30","z2713420"),
	("mrrx404m",2263,"2022-10-07","z2713420"),
	("zq74x59m",2273,"2022-05-07","z2713420"),
	("kz5q9qgz",2281,"2017-03-09","z2713420"),
	("y9lxjpey",2284,"2022-01-25","z2713420"),
	("m7618p9y",2288,"2022-04-03","z2713420"),
	("7yl138xm",2308,"2016-03-11","z2713420"),
	("y41gj02y",2326,"2019-11-07","z2713420"),
	("zq31p69y",2330,"2018-09-14","z2713420"),
	("zqvn7rrm",2335,"2021-11-08","z2713420"),
	("zg7dkd0z",2344,"2018-10-03","z2713420"),
	("zgnx1ody",2365,"2017-08-09","z2713420"),
	("yl998qxy",2370,"2017-05-09","z2713420"),
	("yd98op0z",2370,"2021-01-14","z2713420"),
	("1zqgpv5m",2416,"2015-09-10","z2713420"),
	("y99gg5vy",2416,"2021-07-08","z2713420"),
	("mr8pg9dy",2423,"2019-04-14","z2713420"),
	("z18oprgy",2455,"2021-01-31","z2713420"),
	("zn0665vy",2483,"2021-11-11","z2713420"),
	("zxo2vrgz",2507,"2021-08-12","z2713420"),
	("yw6vr3pm",2507,"2022-09-17","z2713420"),
	("zx4ge1ey",2517,"2018-09-18","z2713420"),
	("pzgqg1vy",2550,"2016-03-23","z2713420"),
	("6yje4j7m",2580,"2016-10-11","z2713420"),
	("z5odnpny",2603,"2017-09-20","z2713420"),
	("8m7ne74z",2611,"2016-08-29","z2713420"),
	("dy4ke6nm",2644,"2016-07-13","z2713420"),
	("0zn11o7m",2645,"2015-10-06","z2713420"),
	("z0e7nqom",2682,"2017-09-13","z2713420"),
	("8m75wgez",2716,"2015-08-15","z2713420"),
	("y23x1q5m",2728,"2017-08-15","z2713420"),
	("z01x2q9y",2734,"2019-12-09","z2713420"),
	("yvgg6ooy",2739,"2017-04-24","z2713420"),
	("z01eln4y",2792,"2019-05-29","z2713420"),
	("m3rov1dm",2886,"2021-04-20","z2713420"),
	("m7qr409z",2905,"2020-03-22","z2713420"),
	("zpq4rn8y",2938,"2017-06-04","z2713420"),
	("z0ex40om",2971,"2018-01-10","z2713420"),
	("znr0kn8y",2972,"2019-08-28","z2713420"),
	("z0lqgl8z",3068,"2022-10-10","z2713420"),
	("meke522m",3246,"2017-12-08","z2713420"),
	("9yo00p5y",3537,"2016-08-26","z2713420"),
	("zxvrgoqy",3559,"2018-04-07","z2713420"),
	("jy9goe2m",3633,"2017-01-08","z2713420"),
	("znkg2n8z",3711,"2020-08-01","z2713420"),
	("0zn2889z",3851,"2016-08-09","z2713420"),
	("y4g7wwny",4363,"2023-01-17","z2713420"),
	("yoj4w30m",4403,"2019-06-11","z2713420"),
	("z13v1djm",4820,"2018-02-07","z2713420"),
	("yojkde5m",5093,"2019-07-13","z2713420"),
	("yv3gp48z",5935,"2019-06-05","z2713420"),
	("m791pkwy",6244,"2017-04-01","z2713420"),
	("emk2l3xm",6476,"2014-03-07","z2713420"),
	("zgp08wdz",6794,"2022-07-20","z2713420"),
	("wzpqg18y",7051,"2014-02-09","z2713420"),
	("yv050nxz",519,"2022-10-27","824160g2"),
	("yw6483pm",591,"2022-08-08","824160g2"),
	("mrrljqdm",638,"2022-09-18","824160g2"),
	("yle8jrrz",677,"2022-03-26","824160g2"),
	("y939o4vy",819,"2021-08-24","824160g2"),
	("m75pn4ez",820,"2020-09-08","824160g2"),
	("mk2vkklm",852,"2019-11-03","824160g2"),
	("m3192odz",862,"2019-05-27","824160g2"),
	("zqg8wq5m",866,"2021-03-07","824160g2"),
	("znk0ovvz",876,"2020-05-24","824160g2"),
	("mkk835vm",885,"2022-05-02","824160g2"),
	("yojv8p1m",897,"2019-05-27","824160g2"),
	("m33dj6gm",923,"2022-04-12","824160g2"),
	("zqrpkx9y",948,"2020-01-19","824160g2"),
	("y80jgewm",952,"2023-01-27","824160g2"),
	("y9090wny",963,"2020-05-17","824160g2"),
	("m31lo44z",964,"2019-10-29","824160g2"),
	("zn4908vm",988,"2019-02-07","824160g2"),
	("yd086vxz",991,"2020-09-05","824160g2"),
	("yod09n5m",1053,"2022-10-02","824160g2"),
	("y6dd1gjm",1057,"2021-05-14","824160g2"),
	("m729q99z",1101,"2022-12-02","824160g2"),
	("yd5xgvwm",1147,"2020-08-20","824160g2"),
	("m3gkdogz",1154,"2020-11-29","824160g2"),
	("yokwpdjz",1179,"2020-08-25","824160g2"),
	("y8vj26xz",1297,"2021-02-13","824160g2"),
	("y4e9lw3m",2389,"2020-09-08","824160g2"),
	("z5e2265z",2921,"2023-01-31","xk9vjvd0"),
	("z093dgez",3120,"2020-09-11","xk9vjvd0"),
	("zxg4xjqy",3134,"2021-04-20","xk9vjvd0"),
	("7z047jey",3323,"2017-02-06","xk9vjvd0"),
	("m7w4n5ez",3394,"2022-03-19","xk9vjvd0"),
	("zn3ew93y",3418,"2020-11-29","xk9vjvd0"),
	("1zqpjq5m",3467,"2016-11-27","xk9vjvd0"),
	("2ywdj80z",3623,"2015-06-13","xk9vjvd0"),
	("6yj6xlgz",3728,"2015-05-31","xk9vjvd0"),
	("m36p996m",3758,"2022-03-21","xk9vjvd0"),
	("z15drk9y",3774,"2020-03-26","xk9vjvd0"),
	("pzgw1dny",3853,"2015-06-11","xk9vjvd0"),
	("zx4gd7ky",4264,"2018-09-05","xk9vjvd0"),
	("zg73ov0z",4369,"2018-06-02","xk9vjvd0"),
	("kz5rn9jy",4442,"2015-11-07","xk9vjvd0"),
	("yv13npey",4564,"2021-04-25","xk9vjvd0"),
	("yloq2n3y",4768,"2021-02-08","xk9vjvd0"),
	("9yo3rkdy",5121,"2015-06-07","xk9vjvd0"),
	("pm3d2ggz",5286,"2015-01-19","xk9vjvd0"),
	("yok6107z",5366,"2020-05-29","xk9vjvd0"),
	("pm3r4w4m",5615,"2015-11-06","xk9vjvd0"),
	("y4w72o2m",6368,"2020-05-24","xk9vjvd0"),
	("znkqnq8z",6509,"2020-06-18","xk9vjvd0"),
	("ywv0l79z",6851,"2022-02-11","xk9vjvd0"),
	("y67g34qm",8013,"2018-02-06","xk9vjvd0"),
	("yd65n6qz",8292,"2019-07-14","xk9vjvd0"),
	("mro4xv7m",9298,"2023-01-09","xk9vjvd0"),
	("yjdw6o7y",9429,"2022-09-16","xk9vjvd0"),
	("nz1jd57z",11182,"2014-03-07","xk9vjvd0"),
	("ydqq52xm",11993,"2017-04-23","xk9vjvd0"),
	("zgxj3dnm",15971,"2021-03-13","xk9vjvd0"),
	("yl9p21ny",20888,"2018-02-16","xk9vjvd0"),
	("yj8gwkdm",3940,"2023-01-14","zdn8rndq"),
	("me68w53z",4671,"2020-07-27","zdn8rndq"),
	("m72qr24z",4947,"2022-12-19","zdn8rndq"),
	("z52k79gz",4957,"2022-06-18","zdn8rndq"),
	("zn8kx49z",5150,"2017-07-02","zdn8rndq"),
	("mk8dl05m",5267,"2020-11-15","zdn8rndq"),
	("jy93qdky",5312,"2015-12-28","zdn8rndq"),
	("z1gno19z",5395,"2022-10-06","zdn8rndq"),
	("meo8odqz",5912,"2020-04-09","zdn8rndq"),
	("1zxp0x8y",6138,"2016-12-03","zdn8rndq"),
	("y208d57m",6221,"2022-02-27","zdn8rndq"),
	("zpr272nm",6850,"2020-06-04","zdn8rndq"),
	("pm3g654z",7288,"2015-06-02","zdn8rndq"),
	("znrgv68y",7998,"2020-01-25","zdn8rndq"),
	("zq68o45y",9512,"2018-01-23","zdn8rndq"),
	("zn89323z",10490,"2018-02-08","zdn8rndq"),
	("mrn92q8y",16295,"2021-08-19","zdn8rndq"),
	("z0n529em",7079,"2022-12-29","zd35lmyk"),
	("znj78x9m",7780,"2023-01-23","zd35lmyk"),
	("z0pnqqey",7953,"2022-06-10","zd35lmyk"),
	("y2pv2q7z",11908,"2020-09-30","zd35lmyk"),
	("zq7g83rm",24260,"2022-01-28","zd35lmyk"),
	("mkv9g53y",14356,"2022-12-11","q25m8jdo"),
	("z0proqey",15507,"2022-05-15","q25m8jdo"),
	("znrxjw3y",16608,"2019-12-29","q25m8jdo"),
	("me4609qy",19216,"2021-08-20","q25m8jdo"),
	("m3361v6m",20374,"2022-05-23","q25m8jdo"),
	("6yj13p7y",21202,"2015-07-21","q25m8jdo"),
	("yd6wj4xz",25080,"2019-09-19","q25m8jdo"),
	("9mr1no8z",25569,"2015-10-09","q25m8jdo"),
	("9mrqo12y",29944,"2013-12-30","q25m8jdo"),
	("zgqe5wjy",2326,"2022-09-24","jdzwprdv"),
	("mr6g1n4m",2337,"2022-03-23","jdzwprdv"),
	("z0lj829z",2527,"2022-09-23","jdzwprdv"),
	("zq36d61y",2609,"2018-06-15","jdzwprdv"),
	("m3381lqm",2668,"2022-07-14","jdzwprdv"),
	("m35q52wy",2672,"2020-06-27","jdzwprdv"),
	("mro4oe8m",2690,"2023-01-08","jdzwprdv"),
	("yvg57j6y",2692,"2018-03-15","jdzwprdv"),
	("yv087l4z",2731,"2022-09-18","jdzwprdv"),
	("z09qjxoz",2751,"2020-12-12","jdzwprdv"),
	("ywj4p30z",2807,"2021-12-12","jdzwprdv"),
	("m76p2nwy",2834,"2022-04-17","jdzwprdv"),
	("mkv3x9vy",2837,"2022-12-29","jdzwprdv"),
	("mkk2jg1m",2869,"2022-04-25","jdzwprdv"),
	("me4vk99y",2876,"2021-07-24","jdzwprdv"),
	("mre9wddy",2889,"2019-07-30","jdzwprdv"),
	("y65rw0jz",2896,"2020-05-07","jdzwprdv"),
	("zqw7g91z",2913,"2020-06-05","jdzwprdv"),
	("zp03kg8m",2956,"2018-08-30","jdzwprdv"),
	("m3d2p4qz",2966,"2018-03-18","jdzwprdv"),
	("pzgdvenz",2999,"2016-01-10","jdzwprdv"),
	("y9lxejvy",3057,"2022-01-25","jdzwprdv"),
	("ydw06ejm",3073,"2021-12-27","jdzwprdv"),
	("z18460ry",3156,"2021-04-01","jdzwprdv"),
	("yjk8lkom",3203,"2017-11-24","jdzwprdv"),
	("mrqp808y",3213,"2018-04-04","jdzwprdv"),
	("zq345r1y",3248,"2018-08-16","jdzwprdv"),
	("y472xrky",3259,"2021-08-23","jdzwprdv"),
	("zxnxo25m",3266,"2023-03-06","jdzwprdv"),
	("z0p70q4y",3284,"2022-05-22","jdzwprdv"),
	("mk3gd63z",3290,"2020-05-19","jdzwprdv"),
	("8m7nljwz",3296,"2016-08-31","jdzwprdv"),
	("yv95604z",3314,"2020-12-20","jdzwprdv"),
	("z5ed41nz",3337,"2023-01-22","jdzwprdv"),
	("zxd72key",3411,"2020-11-11","jdzwprdv"),
	("zgpd10dz",3469,"2022-05-27","jdzwprdv"),
	("mr7knq8z",3531,"2022-04-27","jdzwprdv"),
	("y451vqkm",3777,"2017-06-16","jdzwprdv"),
	("z18x769y",3802,"2021-02-12","jdzwprdv"),
	("z50x7j5y",3884,"2021-02-20","jdzwprdv"),
	("y89o4r5m",3920,"2019-02-15","jdzwprdv"),
	("yl799okm",4008,"2022-04-08","jdzwprdv"),
	("zn1dr3lm",4049,"2021-07-19","jdzwprdv"),
	("z51dvkjm",4078,"2015-01-31","jdzwprdv"),
	("znr6507y",4100,"2020-02-18","jdzwprdv"),
	("zgwq1n0y",4104,"2020-06-17","jdzwprdv"),
	("1zqrr4ry",4205,"2015-03-20","jdzwprdv"),
	("y65x581z",4274,"2020-06-12","jdzwprdv"),
	("yj1800dy",4532,"2021-02-26","jdzwprdv"),
	("kz5oergy",4774,"2014-11-21","jdzwprdv"),
	("y69n4nqy",4979,"2021-09-08","jdzwprdv"),
	("0zn3733y",5292,"2014-06-18","jdzwprdv"),
	("dy47kj2y",5825,"2015-12-14","jdzwprdv"),
	("znrgdk8y",5852,"2020-01-04","jdzwprdv"),
	("8y89xkdm",5991,"2015-02-17","jdzwprdv"),
	("y43j45kz",6606,"2019-02-09","jdzwprdv"),
	("8y8n89xy",7132,"2016-12-22","jdzwprdv"),
	("mexnw40z",7246,"2020-01-14","jdzwprdv"),
	("mkdwdexy",355,"2022-10-21","z276zpgd"),
	("m3l68ndm",363,"2022-12-04","z276zpgd"),
	("zg2r920y",386,"2023-01-23","z276zpgd"),
	("zxd8g08y",387,"2020-11-17","z276zpgd"),
	("meevlx3m",396,"2022-11-27","z276zpgd"),
	("z0lw414z",397,"2022-07-31","z276zpgd"),
	("z5x547gy",407,"2022-07-31","z276zpgd"),
	("yvo4prxz",412,"2021-07-27","z276zpgd"),
	("y25j945y",413,"2020-06-19","z276zpgd"),
	("mr9x7jdm",433,"2020-12-12","z276zpgd"),
	("z1qkokwy",433,"2023-02-21","z276zpgd"),
	("m7wqp6ez",440,"2021-12-10","z276zpgd"),
	("z5r475jy",443,"2021-07-10","z276zpgd"),
	("z01d604y",445,"2019-12-15","z276zpgd"),
	("yjlp5o7z",457,"2020-06-06","z276zpgd"),
	("meoe3j0z",458,"2020-06-22","z276zpgd"),
	("z5ejgvjz",472,"2022-12-28","z276zpgd"),
	("yl9grjny",476,"2018-05-11","z276zpgd"),
	("ywkwxn3y",483,"2021-10-24","z276zpgd"),
	("m3x94gwm",488,"2022-07-31","z276zpgd"),
	("zx7xd8ky",511,"2022-06-27","z276zpgd"),
	("zp042pxm",522,"2018-07-14","z276zpgd"),
	("m7g6ov9m",536,"2020-06-09","z276zpgd"),
	("yvg7744y",537,"2018-02-28","z276zpgd"),
	("zx89r2qm",538,"2022-07-31","z276zpgd"),
	("z5j5085m",550,"2020-03-25","z276zpgd"),
	("yodvgk7m",556,"2022-07-31","z276zpgd"),
	("zgw0nwny",580,"2020-08-16","z276zpgd"),
	("zpdnel8z",586,"2022-07-31","z276zpgd"),
	("zq9kow5y",591,"2022-07-31","z276zpgd"),
	("zgvpo0jz",592,"2020-11-14","z276zpgd"),
	("znqwl38z",600,"2022-07-31","z276zpgd"),
	("zx89rdqm",613,"2022-07-31","z276zpgd"),
	("mkdln8vy",691,"2022-07-31","z276zpgd"),
	("yl13wkkm",692,"2022-07-31","z276zpgd"),
	("zxngdegm",709,"2023-01-13","z276zpgd"),
	("yjgn36ny",791,"2021-07-19","z276zpgd"),
	("mkgjv15y",809,"2021-07-21","z276zpgd"),
	("yodvg37m",915,"2022-07-31","z276zpgd"),
	("y4xnnj3z",4192,"2022-10-23","jdrl1nd6"),
	("zggjrgjz",4244,"2021-06-24","jdrl1nd6"),
	("zx88q3qm",4359,"2022-09-08","jdrl1nd6"),
	("y91elqkm",4370,"2020-12-21","jdrl1nd6"),
	("z5vxk0em",4567,"2022-01-25","jdrl1nd6"),
	("zpd7nxgz",4666,"2022-11-20","jdrl1nd6"),
	("y4qg5dnm",4711,"2022-06-06","jdrl1nd6"),
	("m33l06wm",5218,"2022-06-09","jdrl1nd6"),
	("zn7e129m",5230,"2022-02-06","jdrl1nd6"),
	("zx6gn68z",5299,"2021-02-06","jdrl1nd6"),
	("y6l53jjy",5340,"2019-07-08","jdrl1nd6"),
	("z510qlgm",5494,"2018-09-02","jdrl1nd6"),
	("z06kq6ez",5568,"2021-03-20","jdrl1nd6"),
	("8y8j6edz",5579,"2016-01-20","jdrl1nd6"),
	("znjo469m",5663,"2023-01-06","jdrl1nd6"),
	("zgqdoqny",5791,"2022-05-15","jdrl1nd6"),
	("zqe42d9z",5848,"2023-01-04","jdrl1nd6"),
	("yjd8el7y",5951,"2022-09-18","jdrl1nd6"),
	("yvjoqv8y",6126,"2016-08-24","jdrl1nd6"),
	("z0pr9vjy",6233,"2022-05-14","jdrl1nd6"),
	("0y6rnrpy",6268,"2014-12-20","jdrl1nd6"),
	("z037oqjz",6357,"2015-01-27","jdrl1nd6"),
	("yd00opjz",6457,"2020-10-17","jdrl1nd6"),
	("m3re75gm",6488,"2021-07-20","jdrl1nd6"),
	("1zxqw8km",6721,"2016-08-25","jdrl1nd6"),
	("7z0395ez",8918,"2014-10-19","jdrl1nd6"),
	("y412wpny",11277,"2019-08-03","jdrl1nd6"),
	("y8xgrexm",14516,"2022-10-18","z27g97o2"),
	("y8jw4n1z",14988,"2022-01-11","z27g97o2"),
	("z09rgroz",15845,"2020-10-30","z27g97o2"),
	("zq4j2l9m",17326,"2020-11-28","z27g97o2"),
	("y4567lnm",20208,"2018-01-15","z27g97o2"),
	("mkv50pvy",22257,"2023-01-21","z27g97o2"),
	("1zq0v28y",26623,"2016-01-13","z27g97o2"),
	("y27we8jz",26676,"2021-10-17","z27g97o2");

INSERT INTO Perform VALUES
	("m72005wz","j0no4wm8"),
	("y6oxjk6y","j52mr1gj"),
	("ydrelpvz","qxk03em8"),
	("zx8461em","jp496qyj"),
	("yw6v0ppm","48gerkyj"),
	("y47r2dqy","8rpl153j"),
	("ylqr182z","8e9e2k7j"),
	("y8v6ldnz","qjoyp90x"),
	("y91o6rem","18vkdmnj"),
	("zpdjrrvz","zx7vdovx"),
	("z1oej3jm","v8l35028"),
	("m338q6dm","8qznm3q8"),
	("mrnk328y","zxzg0prj"),
	("y827pdxy","8e9kvkoj"),
	("me15e40y","8en5v7d8"),
	("yjdnk83y","v8lp532j"),
	("ylq4k1rz","1y8ddm86"),
	("zgp6po0z","jnz0z2dj"),
	("yv1p85xy","86vrz55j"),
	("yod1o70m","8enyo5o8"),
	("zn0xo68y","68wlkzqj"),
	("z53qxxey","8wllnovj"),
	("ydr483qz","zx7ez668"),
	("zp2kn0vy","48g5e47j"),
	("z07rn09y","5j5z61wj"),
	("mej7840y","68w916qj"),
	("yjd34pgy","xkmwpg7j"),
	("z52d10nz","j5veyzg8"),
	("z0lr9q9z","8gewqv7j"),
	("yd5eglxm","kj9dm9ox"),
	("zgvj7w0z","86vkyqpj"),
	("zq0pnr8y","x3mg9578"),
	("zn1ro97m","jn3v9v2x"),
	("yd0wxd0z","jo312n0j"),
	("y82e1l5y","7j40g581"),
	("yvrp8poz","8d397ylx"),
	("y6d0gjpm","zx7wmw68"),
	("y2jveg6z","68wk4ov8"),
	("yjdpj8oy","8qr1e4oj"),
	("mejrw12y","j2y3m7n8"),
	("yd0l99xz","xko17l68"),
	("znrg17ly","v813vdlx"),
	("z5jwq2nm","qjneo92j"),
	("yj569q3m","8q3p5moj"),
	("z01093jy","7j4nzdx1"),
	("y918nenm","jmok4kz8"),
	("y90757ny","e8e5mp78"),
	("yjlrj7oz","xy5kvln8"),
	("y6lj0v1y","18v99exl"),
	("z010598y","0jmmkq4j"),
	("z158xx9y","zxzd590j"),
	("z5vjlvjm","y8dk4y5j"),
	("y8exl7dy","jmllgnz8"),
	("y9ld12ey","v8l050r8"),
	("mr9vpn2m","kj9kqw84"),
	("z53q0ojy","8r7gd1qj"),
	("ydwqqvxm","x3q37qqj"),
	("mrk4w64y","qjnkd1wj"),
	("ywv6pnnz","8dgkklm8"),
	("yv1xk9ey","j2yeyv68"),
	("znqgll7z","68w2nyq8"),
	("znp83k9m","y8dk3lgj"),
	("y65do61z","48grkyxp"),
	("m3nkvrwy","jmp3w3ej"),
	("mr42egdz","xz7o3o4j"),
	("yv2d4o4m","xz9vvz08"),
	("znoqxq3y","xk4zz3mj"),
	("z05ox4om","8v56pl2j"),
	("znkn4l9z","qjo1dr7x"),
	("yo35x3dy","98rd11qj"),
	("yj3qgndz","kjp0ory8"),
	("yv0955ez","863dyd58"),
	("yop91wjm","xylen3vj"),
	("mk3enr1z","kj96gn7j"),
	("zgw74l0y","18vkwyjl"),
	("z5vx5rjm","jo3koylj"),
	("zp38p4nm","8dwe7ylj"),
	("yj3evggz","0jm3v6z8"),
	("zqwg8g8z","x35q3w7j"),
	("yd5oe4jm","8e9wn6pj"),
	("z079v08y","8ge0zmrj"),
	("yo9q0j7y","x355qw7j"),
	("zgd0gp0z","98rv3qj1"),
	("y91o6n2m","8rpym73j"),
	("z0p8lg8y","x7q2gqr8"),
	("y823805y","kjp60ry8"),
	("y8egv51y","j031rr4j"),
	("yo2el57z","qjnlpv2x"),
	("ydd2q6vy","8enplz78"),
	("yojn787m","qj2z2poj"),
	("zgwx6w0y","kjpmpy0j"),
	("y801xwnm","8d0r379x"),
	("y8egp7ny","18v1goe8"),
	("y92x08nz","zxzygl4j"),
	("yokg411z","8rp6nvgj"),
	("znkr563z","qj20d6xk"),
	("y96kr7ey","xyoz59wj"),
	("yv6ldloz","8qzndvw8"),
	("y4w3r9qm","48g0vm7x"),
	("meoq138z","kjpgz7kj"),
	("mk8jx91m","8geg15yj"),
	("y91ornem","j0n4d1r8"),
	("y6lqnr6y","qxkokr28"),
	("yvr1o6ez","8lp9e94j"),
	("y239e29m","0jmpkoj1"),
	("yd6w6l0z","dx3vnn28"),
	("m7qldwwz","3qjno2xm"),
	("yjxlwq3z","jnzr9w1j"),
	("m36rg0dm","xy5qd3y8"),
	("yv6rreez","dx3690qx"),
	("zn1g6j3m","8q3z0r0j"),
	("z5o5kkgy","pj06y3jw"),
	("z0923xez","8dwm03gj"),
	("yl008d3y","dx3wgqjl"),
	("ywvd1v3z","y8d2k4lj"),
	("yojknv1m","v8lwkr7x"),
	("y21o4e7z","jo32re0j"),
	("y8j68pxz","8e6yr36j"),
	("y664drqy","816o39rx"),
	("zq1vddxm","8vk427yj"),
	("y65qrv1z","xz9n3kr8"),
	("me9rqj0z","8vk3odej"),
	("zx6e788z","8vkrnyej"),
	("0y6j586m","18qz4rw8"),
	("oy2w7w6y","1xy505w8"),
	("z0ewp3jm","qxk4r9j0"),
	("zgg4jxez","jmlpk248"),
	("mk44pe5y","0jmepex1"),
	("ywpk8g9z","5j554gjv"),
	("zprlrdvm","18vqymyj"),
	("pm3g40wz","pj0rzwjw"),
	("jy9knnz4","qjon7086"),
	("emkk9w1m","zx7mnrx7"),
	("zq62kexy","98rk776x"),
	("yl1k0ekm","jn9ol4qx"),
	("pzgpe0nz","98rpyw3j"),
	("9yop7d1m","kjpr7148"),
	("zq3ojj8y","y8dmwml8"),
	("zg7w88dz","zx7zqor8"),
	("zn4ko07m","qxk10m9j"),
	("1zxdowky","v81do38p"),
	("m3dd0dgz","zx7690j7"),
	("yd07e7vz","kjp66408"),
	("oy2gpnwz","kj965k7j"),
	("mrr4p8dm","kjp2o44x"),
	("y6774kpm","pj060v9j"),
	("m3on856m","qjnrl6qx"),
	("y9l6dpey","jmlw2448"),
	("ydqjvrjm","v81vd958"),
	("yj4o2doy","v8l3eq48"),
	("mkgl3gvy","x3qnn5ej"),
	("z1j1ve7z","eo86lp8z"),
	("y677626m","5j5qy1zj"),
	("y4ev98nm","7j4y4emj"),
	("9me8rq3m","dx3e7kjl"),
	("mek915qm","0jm6d6z8"),
	("mk4pqjvy","68wkop48"),
	("9yopd2dm","zx7m10x7"),
	("7ylgqdnm","qxkqw6x0"),
	("z014dwey","j2y69ln8"),
	("yw42lr3z","v8l1w07j"),
	("6yjqx67m","18q39y0j"),
	("y277w17z","jmp5rynj"),
	("meo36v3z","qjnm1p48"),
	("z1qkx9wy","j0no4wm8"),
	("z1q9607y","j52mr1gj"),
	("mejwng0y","v8l35028"),
	("zq49o8xm","qxk03em8"),
	("z18n4djy","qjoyp90x"),
	("znokl1vy","18vkdmnj"),
	("m76v9d5y","jp496qyj"),
	("m35vdegy","8e9e2k7j"),
	("y2d0jp9z","48gerkyj"),
	("m7w07w4z","zx7vdovx"),
	("z0l8pqoz","8enyo5o8"),
	("mree134y","48g5e47j"),
	("zqre0p8y","zx7wmw68"),
	("mkv551xy","v8lp532j"),
	("y6dlv1pm","98rpmodj"),
	("yl7q6lkm","jnz0z2dj"),
	("zq4l1e5m","8wllnovj"),
	("y2d018wz","8rpl153j"),
	("z0750e9y","5j5z61wj"),
	("y2vw5ewz","18v99exl"),
	("zq4pojrm","86vkyqpj"),
	("yvjl054y","v813vdlx"),
	("z078wwoy","68wlkzqj"),
	("m36xq1qm","86vrz55j"),
	("mrrv48dm","y8dk4y5j"),
	("m721d3wz","68wk4ov8"),
	("mk5j9g5m","j2yeyv68"),
	("yd040nwz","8gewqv7j"),
	("zqw84j8z","zxzd590j"),
	("y8q4wg5y","zxzygl4j"),
	("zp4p62xz","qj2z2poj"),
	("zn0d4v3y","863dyd58"),
	("meooreqz","18vkwyjl"),
	("m3dxlqgz","1y8ddm86"),
	("m33vj1qm","68w916qj"),
	("yl7g843m","xylen3vj"),
	("y89xpxdm","qjnlpv2x"),
	("m3gj0pqz","kj9kqw84"),
	("zgvjjqez","8v56pl2j"),
	("mrqqxn7y","pj06y3jw"),
	("mr13xedz","98rv3qj1"),
	("z0lo938z","8qr1e4oj"),
	("zx21vpkm","qjo1dr7x"),
	("y66xge6y","8geg15yj"),
	("mkgxj01y","x3q37qqj"),
	("yl4wedrm","7j42orvx"),
	("y215vowz","v8lwkr7x"),
	("m75pp5ez","8qznm3q8"),
	("y6p4l61m","48g0vm7x"),
	("mr1nqd7z","xz9vvz08"),
	("zq93911y","xkmwpg7j"),
	("yo7d6p0m","8rpym73j"),
	("yjldvwgz","18q39y0j"),
	("m7508lwz","jmok4kz8"),
	("m35llldy","x35q3w7j"),
	("zn37eo8y","98rd11qj"),
	("y920nxez","qxk10m9j"),
	("y6orvg1y","jo312n0j"),
	("zqrkjd5y","y8dk3lgj"),
	("mre529gy","5j5pg0z8"),
	("y48ngpkm","kjpgz7kj"),
	("m7x949wy","7j4y4emj"),
	("yv92568z","xz9p6e98"),
	("y4x0wvnz","68w2nyq8"),
	("znp1dr3m","8e9gw32j"),
	("ydqj1wxm","18qon27j"),
	("yl4d61xm","v8l3eq48"),
	("m351nvgy","68wkop48"),
	("pm34x9gz","18v2lyjl"),
	("y6rqgljy","0jm763yj"),
	("z156qljy","68wmzyvx"),
	("yo4le4jm","7j4vr4dj"),
	("mej616qy","86vv3wqj"),
	("z5onlrjy","qjozdqe8"),
	("6yjnj3gm","qxkqw6x0"),
	("meoojo8z","j92kll78"),
	("zx438k5y","98rke3x1"),
	("y91j7lnm","qxk1kqmj"),
	("yjld0gnz","8rp6nvgj"),
	("y9xqjley","863rvy38"),
	("yj5rq77m","j5veyzg8"),
	("znqnjjvz","j0no4wm8"),
	("y9lp232y","v8l35028"),
	("yj6g1rnz","qxk03em8"),
	("zn77x8vm","qjoyp90x"),
	("yjd82ogy","8enyo5o8"),
	("y9x70gey","jnz0z2dj"),
	("y8r39nxm","8e9e2k7j"),
	("y8vkq3dz","zx7vdovx"),
	("mr48rj8z","8rpl153j"),
	("z1o289jm","18vkdmnj"),
	("y2p8x2wz","y8dk4y5j"),
	("y9150lkm","xko17l68"),
	("z18o8g7y","86vkyqpj"),
	("zp2v6ony","jp496qyj"),
	("y908qnny","48gerkyj"),
	("z0rj898z","86vrz55j"),
	("y65qnejz","zxzd590j"),
	("yj3128gz","48g5e47j"),
	("zpgnljxz","68wk4ov8"),
	("y8r73lxm","8wllnovj"),
	("z092oj8z","8gewqv7j"),
	("y825rk1y","8e9kvkoj"),
	("zpd8gd8z","xkmwpg7j"),
	("yo9jo5dy","xz9vvz08"),
	("yv9ox9ez","x7q4mv68"),
	("zx2oep5m","8dwe7ylj"),
	("mk83knlm","x35q3w7j"),
	("yv6d104z","qjo1dr7x"),
	("yd9310qz","8v56pl2j"),
	("y41w87dy","v8lwkr7x"),
	("m377j1gz","jmp5rynj"),
	("y2qljdjy","48g0vm7x"),
	("y20kk5wm","7j4y4emj"),
	("ywko252y","j5veyzg8"),
	("y4g9132y","j0no4wm8"),
	("z53wpkdy","qxk03em8"),
	("y88192ny","v8l35028"),
	("y91g0pkm","qjoyp90x"),
	("yd694xvz","48g5e47j"),
	("yv0p8jez","8enyo5o8"),
	("zgd8dnvz","18vkdmnj"),
	("mk8g80lm","8e9e2k7j"),
	("yd58wpvm","zx7wmw68"),
	("z066qo8z","zx7vdovx"),
	("m36qewwm","v8l050r8"),
	("mr7x6p7z","jnz0z2dj"),
	("m37qqx4z","98rd11qj"),
	("zgxn91vm","8wllnovj"),
	("mrq8lq4y","0jmpkoj1"),
	("mr6wvd4m","jp496qyj"),
	("y8ron3nm","86vkyqpj"),
	("m3ddgowz","qxk4r9j0"),
	("y6xq7oqy","y8dk4y5j"),
	("z01999ey","v8lwkr7x"),
	("znje843m","xylen3vj"),
	("z1qd5xry","68wk4ov8"),
	("zq4v1k5m","xko17l68"),
	("y25k81wy","zxzd590j"),
	("zg2kx0ey","v8lp532j"),
	("yv3g2n8z","48gerkyj"),
	("z5x3xrdy","xkmwpg7j"),
	("y4w43pqm","qjo1dr7x"),
	("7z0o3gez","98rpndj1"),
	("0y6j9x1m","18qz4rw8"),
	("1zxk3oqm","18vkwyjl"),
	("yo20n30z","zxzygl4j"),
	("mk8x30vm","8v56pl2j"),
	("z11q18jz","qjnlpv2x"),
	("zxljw98z","5j5z61wj"),
	("mk4ljl1y","qxk10m9j"),
	("zp9k5kxm","7j4y4emj"),
	("yd094d0z","x35q3w7j"),
	("z1o37o7m","v813vdlx"),
	("y92v7dvz","48g0vm7x"),
	("mk2nw6vm","5j5pg0z8"),
	("7yllr3yp","18v2lyjl"),
	("zn06g59y","j5veyzg8"),
	("z51gklem","qj2zp6oj"),
	("znqggklz","xz9vvz08"),
	("zgx6jqem","68wezwv8"),
	("mrrk9j4m","98rd11qj"),
	("m720jxwz","1xyzqnv8"),
	("ywvg26pz","8enyo5o8"),
	("z0l534jz","x7q2gqr8"),
	("zqvex79m","xko17l68"),
	("yw610pnm","xk46y12j"),
	("y215946z","48g5e47j"),
	("yoje3d7m","48grkyxp"),
	("y80jpvxm","v8lp532j"),
	("mr718ndz","jnz0z2dj"),
	("z1qx15gy","jo312n0j"),
	("m3xqx64m","y8dmwml8"),
	("z5r1joey","zx7wmw68"),
	("yv3v58oz","zxzd590j"),
	("mrn7q9gy","x3q37qqj"),
	("y2pkr29z","8v56pl2j"),
	("zxo1175z","jmok4kz8"),
	("y606e9qy","8rpl153j"),
	("yo9q6k0y","qxk03em8"),
	("mkg4n21y","86vkyqpj"),
	("y6loewqy","v8lwkr7x"),
	("z0p6xx4y","v81poqp8"),
	("yv8r264m","5j5z61wj"),
	("yv39jj6z","zx7vml0x"),
	("y89125nm","68wk4ov8"),
	("yo41rndm","1y8ddm86"),
	("mexkjd2z","v8l35028"),
	("z1j6pgjz","18v1goe8"),
	("yo4xkg0m","18vkwyjl"),
	("9mrp5p2z","kj96gn7j"),
	("y48l9vdm","xylen3vj"),
	("ydg6qqqy","8en5v7d8"),
	("yd1lwevy","y8dk4y5j"),
	("mk4eje5y","y8deklj6"),
	("yjporw3y","8e9e2k7j"),
	("y8rvj3nm","8e9wn6pj"),
	("y9lwl82y","814pmq38"),
	("y9v92w2m","jn9rk72x"),
	("yj4755ny","qj267elx"),
	("m3x0w8dm","8vk0n12j"),
	("yv8o7qxm","v8l050r8"),
	("zn1kpp8m","8e9rvq2j"),
	("zn8ekv8z","v81vd958"),
	("zxk3795m","68wkop48"),
	("z51knqdm","zx7mk66x"),
	("m7w894wz","7j4y4emj"),
	("y2qqg97y","pj0lm3mj"),
	("yw172d3z","zxzygl4j"),
	("y6n6jnqz","68w916qj"),
	("y9nnljez","86vrz55j"),
	("zgp244dz","dx3ym3e8"),
	("znpe208m","8vomkqnx"),
	("2ywr0gpm","1xyd2zxr"),
	("mro6j7gm","98rke3x1"),
	("zn0k2vly","48gerkyj"),
	("y6o053jy","86vmzyqj"),
	("mrrrpjgm","x35313ej"),
	("zqwqp81z","jn3057dx"),
	("y90nn3ey","xy5qd3y8"),
	("yoporo5m","18qwnyq8"),
	("z0o3j4ez","v8l9m4r8"),
	("8m737wy0","wzx79rj7"),
	("mej1jo9y","48g3myxp"),
	("mkvl223y","j5qed36j"),
	("y665eq1y","qjnm1p48"),
	("zxgp6p5y","e8elyy6j"),
	("zn3nvr7y","kj95nov8"),
	("6yj84rdm","zx740vx7"),
	("yjdjjlny","kjp2o44x"),
	("zq4x8o5m","qxkg1gkj"),
	("m37elvwz","98rd11qj"),
	("yj3g97dz","48g5e47j"),
	("z0p8gqey","jnz0z2dj"),
	("z50d9edy","xz9vvz08"),
	("y88dxqxy","x3q37qqj"),
	("z0rg3r4z","x7q2gqr8"),
	("y80v14xm","v8lp532j"),
	("yl94e7ry","48grkyxp"),
	("y8qorvny","68wk4ov8"),
	("y69d661y","y8dk4y5j"),
	("y9l804vy","7j4y4emj"),
	("zqr46q8y","1y8ddm86"),
	("yleo3x2z","zxzygl4j"),
	("9mr4kx7z","18vkwyjl"),
	("yw1e7qnz","zx7wmw68"),
	("y4878xdm","e8elyy6j"),
	("emk09jlz","qxkqw6x0"),
	("yj49wqny","qj2zp6oj"),
	("y602eg6y","jnz0z2dj"),
	("zp848pgy","48g5e47j"),
	("zxng7vkm","v8lp532j"),
	("y9336wey","zxzd590j"),
	("y9ng82kz","48grkyxp"),
	("yodked5m","8r7m223j"),
	("yoldjn5y","8e9m9noj"),
	("y93kpjey","xz9vvz08"),
	("y4883pnm","5j5z61wj"),
	("m72972wz","98rd11qj"),
	("y60n951y","8enyo5o8"),
	("yolk1g1y","j4rwv2m8"),
	("z1gv19rz","y8dk4y5j"),
	("y21573wz","y8dmwml8"),
	("z039108z","v8l35028"),
	("mkg2263y","8wlog13j"),
	("yw0ppdpm","qxk03em8"),
	("z03x9gez","zx7wmw68"),
	("yjgpl27y","xy5qd3y8"),
	("zgnl5xvy","qj267elx"),
	("yj1djkdy","8v56pl2j"),
	("yl9jj62y","68wk4ov8"),
	("y2qj6o7y","1y8ddm86"),
	("yj37l37z","qj2z2poj"),
	("y8q4grdy","zxzygl4j"),
	("y8qw1eny","18vkwyjl"),
	("pzggvxjz","y8deklj6"),
	("y92930kz","68wkop48"),
	("yjx496dz","8vkmyd2j"),
	("me74jo9y","7j4y4emj"),
	("mr4xpk7z","18v1goe8"),
	("yj4g56gy","98rke3x1"),
	("yw0xd5pm","j42dg3vx"),
	("m770we5m","e8elyy6j"),
	("yopq1n7m","86vmzyqj"),
	("nz1817gy","qxkqw6x0"),
	("meogx6qz","18q1gewx"),
	("me49o02y","zx7yylrx"),
	("yj15d8gy","qjnm1p48"),
	("ywpxj5pz","qj29glox"),
	("m7x1170y","kjp2o44x"),
	("y25l936y","j5wp54nj"),
	("2ywv4gpz","zx740vx7"),
	("zg2xq7jy","863rvy38"),
	("y60nedqy","jnz0z2dj"),
	("z0r4v38z","48g5e47j"),
	("yj38kpnz","zxzd590j"),
	("mro1j4dm","v8lp532j"),
	("ylq3vpnz","48grkyxp"),
	("yopjew7m","98rd11qj"),
	("z5drvl5m","y8dk4y5j"),
	("z03n2goz","1y8ddm86"),
	("zn8kxq8z","zx7wmw68"),
	("pm34vl6z","68wk4ov8"),
	("zgpj9jez","7j4y4emj"),
	("zgn3jkjy","qj267elx"),
	("mrnl604y","e8elyy6j"),
	("8y8v90wz","qxkqw6x0"),
	("zx4xw58y","qj2zp6oj"),
	("ywk3x3py","xz9vvz08"),
	("m3nk144y","48g5e47j"),
	("ydgdn7vy","x3q37qqj"),
	("me32xp9z","8wllnovj"),
	("yln6e03z","8ge0zmrj"),
	("meoxwn3z","zxzd590j"),
	("z0ndj64m","98rd11qj"),
	("y99qk0ey","jo312n0j"),
	("yo9q877y","18v1goe8"),
	("y27ep09z","7j4y4emj"),
	("mk34845z","48grkyxp"),
	("m7qv2q4z","v8lwkr7x"),
	("zgxow7jm","zx7wmw68"),
	("z18vrlry","5j5z61wj"),
	("mk7ron5y","8rpl153j"),
	("zgd63lvz","jnz0z2dj"),
	("m77xlp9m","y8dk4y5j"),
	("yo71631m","jmp5rynj"),
	("m3nqgwqy","x7q2gqr8"),
	("mk70g7xy","xko17l68"),
	("1zxp275y","y8deklj6"),
	("y4g69pdy","v8lp532j"),
	("ylog60ny","8e9rvq2j"),
	("meewlj9m","xkmwpg7j"),
	("mk70x23y","8v56pl2j"),
	("pyd2kewm","pj034mwj"),
	("zgnpp3vy","v8l35028"),
	("1zq7xx1m","1y8ddm86"),
	("dy4dnr2y","68wk4ov8"),
	("7z051rom","o866op8z"),
	("y6719g6m","18q3o3dj"),
	("zgrg4onm","jn32w54x"),
	("ydqpv9xm","68wkop48"),
	("m3l017dm","v8l050r8"),
	("dy4keqml","y8d4wm86"),
	("oy2kdwyd","gpj0r3jw"),
	("y8rond1m","zxzygl4j"),
	("yl98lq2y","98rke3x1"),
	("y9n9d02z","qjo1dr7x"),
	("0y6xq96y","zxz7ldnj"),
	("yv18834y","e8elyy6j"),
	("mr6xlk2m","j4rvwqw8"),
	("mrn0338y","j4qd3pvx"),
	("yle2q9nz","xz9vvz08"),
	("y654gqqz","48g5e47j"),
	("y20gv96m","8wllnovj"),
	("ywjwk10z","zxzd590j"),
	("z0okov4z","8ge0zmrj"),
	("ylq1972z","x3q37qqj"),
	("mejp8k2y","7j4y4emj"),
	("y8edjody","y8dk4y5j"),
	("zgn7kj0y","y8deklj6"),
	("ylnd6ekz","xkmwpg7j"),
	("8m7kx8wz","68wk4ov8"),
	("pzg8w0y2","gpj0r3jw"),
	("zgg1d8nz","kj9pprvx"),
	("mr1xd7dz","qxk4r9j0"),
	("ylr80nky","zxz7znrj"),
	("y80wx1nm","xk456q9j"),
	("zxd35d8y","dx350n6j"),
	("y66ge31y","v814ln38"),
	("zqwp8e1z","j4rw2el8"),
	("yddw1dwy","8rppeywj"),
	("meejpeqm","8wk32zl8"),
	("m37ro8qz","jmol06y8"),
	("y9l669vy","zxz9k7n8"),
	("zqglw75m","1xy5dwm8"),
	("z1j2539z","dx3q65ej"),
	("y2j511wz","8l4oo3rj"),
	("yoppoodm","816o4g5x"),
	("me45qe3y","1xyovdzj"),
	("yo7q431m","18qq9w8n"),
	("zp3xvpxm","zxz5p94x"),
	("yj8oo47m","zx7y6lvx"),
	("zxgjl58y","y8dzdngj"),
	("y959gkvz","1xyor2zj"),
	("zxdwvvky","zx7y7kqx"),
	("z05qqe4m","48g57npj"),
	("y80xr15m","jm3ddpz8"),
	("znjrrw9m","18qmpmqx"),
	("y8r44r1m","98rr2zg8"),
	("y69d0xpy","qj2wlg6j"),
	("y45kvvqm","pj0lg0mj"),
	("zp1o91vz","x355qw7j"),
	("y69090py","48gl73yx"),
	("yvgd316y","48gq2yjp"),
	("y95w72nz","e8e5lzp8"),
	("8m74x44m","98rwqdx1"),
	("yj46wdgy","18qon27j"),
	("zp4en48z","18qpr7wx"),
	("yo3rqw5y","pj00dl3j"),
	("zpqd43ny","18vr0m5x"),
	("zxgn188y","jmodr7e8"),
	("y4wx56nm","7j4v05vj"),
	("z5xeo35y","pj034mwj"),
	("yjk2gg7m","68w7nl3x"),
	("mrk2g84y","8v57eevj"),
	("y23rp26m","18qr6q7j"),
	("m3d3n5dz","5j5rdogx"),
	("z5ej585z","xk1qmrmj"),
	("kz5lkwgy","18v5z15j"),
	("y23j227m","y8dkqgj6"),
	("8m7e0v0z","ge8eep80"),
	("yw198v3z","48ge6v7j"),
	("pzgd88jz","98rqrwx1"),
	("y2p5nl9z","kjpknr2x"),
	("zgn4qw0y","v8ln5mvx"),
	("m78leg0z","8v5526nj"),
	("pyd277qm","zxz94048"),
	("mrro368m","8ekq4d78"),
	("yw1g5k0z","v81onrxp"),
	("y2e6lg6y","jmpm7eoj"),
	("8yvr198z","dx35ev7j"),
	("m363514m","814129l8"),
	("zpqq55gy","qxk4gp9j"),
	("y815qd1z","y8dz6o5j"),
	("zgrjj50m","o86vlq5j"),
	("z5eo7ojz","8vkr1yyj"),
	("wzp2d8xy","dx3e7kjl"),
	("z0e6159m","qxko7m28"),
	("y2ewpw7y","98rzl7dx"),
	("yvgk358y","68w5q48g"),
	("z5vl8qdm","j969k3rj"),
	("mrk1od8y","zxz0m798"),
	("ydqgnjxm","1xy30zjr"),
	("z0eq48om","e8eel3o8"),
	("pzg2qwey","qxko92k8"),
	("zxgrq45y","o8613y0j"),
	("y82kxjdy","8v507vyj"),
	("yle89wxz","j0vwm1mx"),
	("1zxdlkqy","98rp7gj1"),
	("z138rx7m","qjn3o41x"),
	("pzgxoedm","kj9zdv84"),
	("nz1x6p9m","48grmppx"),
	("yj864v7m","jo3e73ej"),
	("9mrqnj7y","68wky238"),
	("9me4rp0y","kjpr26k8"),
	("yw1oq23z","7j4erplx"),
	("z0r1w6ez","8l4l6rlj"),
	("ydq209qm","qjn5endj"),
	("y69r940y","816g5w3x"),
	("pm34xedz","1xym91vx"),
	("y45e6rnm","68wlqpqj"),
	("8m7wjj9z","kjpw10xq"),
	("y6ldv61y","48gl4vyx"),
	("zn8oke9z","e8e699dj"),
	("zq3eex5y","zxz9pr98"),
	("y23vpp5m","98rllww8"),
	("dy44qeqy","kj92dpw8"),
	("mk94qllz","48gl2ryx"),
	("mexgln8z","zxzrpwr8"),
	("z069w44z","8166ywlx"),
	("me8n0eqm","zxz93we8"),
	("7z062qez","qjogvex6"),
	("dy4e81nm","48g2zrjp"),
	("mrrwdvgm","xkoqml68"),
	("zxn62n5m","j51y59g8"),
	("y6lp1ejy","68ww5wl8"),
	("0y6pvpqm","qxkzrkx0"),
	("2ywnq69y","18qr12dj"),
	("yw3rlv9m","zxz4g64j"),
	("z1x3o3jm","zx736eqj"),
	("mr9xqddm","1xyy9oyx"),
	("zqgxde9m","98rq3p6x"),
	("yw4g50pz","jmo2gqn8"),
	("ylon7p2y","xy5n43n8"),
	("7z0e7w8m","1xypeezx"),
	("zxvx948y","y8dy0m58"),
	("1zx74qqy","7j49wv81"),
	("mk5qn4lm","j4qodpdx"),
	("8yvgo4ey","zxzl1v08"),
	("y4wk79dm","8dw7e59j"),
	("y2579d7y","98r7m3j1"),
	("0zn80wlz","zxz7mejq"),
	("8yv6w4oz","18vmzv8l"),
	("y66vj4qy","8r7m443j"),
	("0y6or4py","o86npgpx"),
	("z1j8gogz","qxkvvl9j"),
	("emkrellz","0jmoq7o8"),
	("pzg1eenz","5j511nz8"),
	("yv2pxvom","86nd3g5x"),
	("yden34wm","x7mm9wyx"),
	("yj3xrl7z","kjpd900j"),
	("zxgkvxky","1xyrv0mj"),
	("pzg00djm","qjoq6086"),
	("zq43705m","qjo1dr7x"),
	("m3onn7dm","v81oe7px"),
	("y489j6qm","8gek471j"),
	("m3108qdz","zx7gzvvx"),
	("oy22g66y","qj26w5ox"),
	("mk4ln2xy","68wk4ov8"),
	("zp8r90ny","j0no1wr8"),
	("7yl589kz","0jm7zzj1"),
	("z5r5e15y","kj9pprvx"),
	("zn32on3y","pj00dl3j"),
	("z0oq7qjz","zx7y6lvx"),
	("zqv4k35m","1xyor2zj"),
	("ywk6w6py","qxk4r9j0"),
	("me1rr39y","8l4oo3rj"),
	("ywq52gny","y8dzdngj"),
	("mrnk8v8y","7j4v05vj"),
	("zx40n4ey","zx7gzvvx"),
	("y80r5gwm","xk456q9j"),
	("ylkxvkxz","jmol06y8"),
	("zq9jk6xy","8wk32zl8"),
	("m7920kwy","98rwqdx1"),
	("yv1r236y","zx7y7kqx"),
	("yjkx44om","18qq9w8n"),
	("zqv17v5m","98r0oe68"),
	("y8jevlwz","48gl73yx"),
	("zn8pv6lz","dx3q65ej"),
	("y4g864dy","jm3ddpz8"),
	("8yvwqwxm","dx3e7kjl"),
	("zx2rne5m","qj2qd7oj"),
	("z5vk8pnm","j969k3rj"),
	("znkq5dvz","e8e5lzp8"),
	("z53vgrey","98rzl7dx"),
	("yd339rjz","5j5q53nj"),
	("zgk9r6dy","y8dpwv58"),
	("z5o2k4dy","48gq2yjp"),
	("z5or25gy","zxzq79xq"),
	("mk7o19vy","v814ln38"),
	("zq69kj5y","68w7nl3x"),
	("pzg147vz","dx35ev7j"),
	("y9v03eem","zxz9pr98"),
	("ylnk4ekz","jmpm7eoj"),
	("1zxpje5y","68wky238"),
	("y8xdoxwm","xyr29rmj"),
	("zq1o535m","y8dkqgj6"),
	("zn873w3z","1xyrqdwj"),
	("yd57rdwm","v81m2wl8"),
	("mk2v37lm","y8dz6o5j"),
	("y993j02y","8vkyk92j"),
	("zpll67vm","pj0lg0mj"),
	("z510djnm","18qon27j"),
	("yjk2297m","zx7yr16x"),
	("m3dw0o4z","qj2wlg6j"),
	("mrqpgg7y","98r3g668"),
	("z5xl45jy","8qoldvoj"),
	("y8jjvqnz","8dwn4qlj"),
	("0y6480qm","18v5z15j"),
	("yd6n2p0z","48gwoe7j"),
	("7yl804kz","kj92dpw8"),
	("mk7lrl1y","8l4o137j"),
	("yd6k5jvz","kj96gn7j"),
	("pzgpgxjz","kj9dg7x4"),
	("znk59pvz","kj95nov8"),
	("6yjdjgny","zxz94048"),
	("m3dn0q4z","qjn3o41x"),
	("wzpvjwvz","98rp7gj1"),
	("yvr5374z","98r4lw3j"),
	("zxvlr5ey","18vr0m5x"),
	("zn87927z","68wk4ov8"),
	("y67wv0qm","kj9d62ox"),
	("y2p5v47z","8dggenl8"),
	("8m7vjr0m","e8e9d77j"),
	("emk8e2vm","v81472p8"),
	("y20jqq9m","xkodpwm8"),
	("m79xjj9y","qjn6yyqx"),
	("pm31jpgz","qjn232jm"),
	("0y6rr66y","e8eopoj0"),
	("8m75wq0z","v814vy58"),
	("mrr0104m","810mlmrx"),
	("8y81ok1z","18qk1w8n"),
	("m37gddwz","j9231qn8"),
	("9yo0nxjy","18q0vwjn"),
	("yw687x2m","18q3o3dj"),
	("me821g9m","48g2dypj"),
	("y91l0rvm","zx736eqj"),
	("8y8qlvwy","zx7mo6x7"),
	("y2qpwj9y","zxzn14xq"),
	("6yjvoloy","98r70qj1"),
	("m798jney","qj2yr3o8"),
	("m35jjldy","48g57npj"),
	("z0502v8m","1xyrv0mj"),
	("2ywkd0ny","qj2yp378"),
	("8y8rj21m","48gewpjp"),
	("0zn5n88z","0jm7zzj1"),
	("oy2pwojz","qjn3yoqx"),
	("zpdqp78z","18qq9w8n"),
	("m7d1294m","kj9pprvx"),
	("zp95o0rm","zxz7znrj"),
	("y2vl9k5z","1xyor2zj"),
	("zp83onxy","qxk4r9j0"),
	("yw0g8o0m","jmol06y8"),
	("znr26v7y","zx7gzvvx"),
	("y20v5k5m","zxz9k7n8"),
	("y4ge462y","zx7y6lvx"),
	("yv86464m","8l4oo3rj"),
	("y803g95m","8wk32zl8"),
	("m7wd479z","98r0oe68"),
	("mrnq0d7y","7j4v05vj"),
	("yorx3qjy","v814ln38"),
	("yvr483oz","1xy5dwm8"),
	("yjxex7nz","48gl73yx"),
	("y65x1p0z","pj04do9x"),
	("ylnrk82z","jm3ddpz8"),
	("z5rr4key","pj00dl3j"),
	("y8dl6exz","y8dzdngj"),
	("yjd5443y","y8dkqgj6"),
	("me739x3y","zx7y7kqx"),
	("mr6njl8m","816o4g5x"),
	("y273rv5z","8rppeywj"),
	("y93o55ny","98rzl7dx"),
	("mrk54ggy","1xyrqdwj"),
	("mr85ej4y","kjp6ld08"),
	("yj1r1w3y","1xyovdzj"),
	("yw3pg7pm","zxz9pr98"),
	("zpgleerz","x7q3m2r8"),
	("yvgj28oy","98rwqdx1"),
	("z118rvjz","18qon27j"),
	("2yw5wjny","68wky238"),
	("zgdpxnvz","jmpm7eoj"),
	("y93o9dky","v81m2wl8"),
	("8y8npexy","dx35ev7j"),
	("y97x3rvm","68w7nl3x"),
	("wzpok4xm","dx3e7kjl"),
	("yw112d2z","48gq2yjp"),
	("7ylww7xz","kj92dpw8"),
	("zq3k718y","e8e5lzp8"),
	("zn4eld9m","zxz0m798"),
	("6yj70k3y","0jm7zzj1"),
	("y4g369dy","v814ln38"),
	("y80qe3dm","kj9pprvx"),
	("zqrwnp5y","zx7gzvvx"),
	("m3xp2kdm","8l4oo3rj"),
	("m7x3dl5y","8rppeywj"),
	("z1pn48jz","jmol06y8"),
	("ywq2w99y","y8dzdngj"),
	("zqe9l99z","jm3ddpz8"),
	("y6x5gw1y","8wk32zl8"),
	("y2p01njz","pj00dl3j"),
	("mrr8ojgm","18qq9w8n"),
	("me67d53z","98rzl7dx"),
	("ywpeke2z","1xyor2zj"),
	("y90lekky","7j4o0v81"),
	("m356vk4y","w98rqqx1"),
	("mee62n8m","kjpknr2x"),
	("yd1l1dvy","7j4erplx"),
	("y9v8lg2m","7j4v05vj"),
	("zn12nwvm","qxk4gp9j"),
	("yop3w3dm","zxz7znrj"),
	("ywvqe00z","xk456q9j"),
	("z5egwdez","8rld9rw8"),
	("zq98xd8y","jnzwyvwj"),
	("yvrd6p4z","8r21v7dx"),
	("yw3jpd0m","48gl73yx"),
	("y9696kvy","8vo66yvx"),
	("yw3j5j2m","y8dkqgj6"),
	("yv057o4z","8wk32zl8"),
	("z0lgo24z","y8dpwv58"),
	("yoj231jm","qjn3o41x"),
	("zn0lpk7y","jopk5gnx"),
	("yvrl0x8z","5j5zrmwj"),
	("yj4xje3y","18qq9w8n"),
	("z1p5w1gz","xymmpmzx"),
	("znk1dg8z","98rkqeqx"),
	("m3l5vlgm","e8eed6o8"),
	("y2750vwz","18vk315j"),
	("yl07qqny","18q50w08"),
	("mk29r61m","pj04do9x"),
	("mr8j307y","kjp6ld08"),
	("mkeod4vm","xkoqopk8"),
	("znj1g9lm","x72o1ry8"),
	("zgkkkqjy","48gq2yjp"),
	("z0e2ekom","qxk4r9j0"),
	("y45dp4km","68wpllxg"),
	("z0o89pjz","x7qooz68"),
	("z5o00v5y","98r77gj1"),
	("zpgrgvgz","jm3ddpz8"),
	("yd1ow3jy","pj034mwj"),
	("zx48o6ey","qxkqd02x"),
	("zq32nl8y","qxkq11kx"),
	("yl9pxvny","48g57npj"),
	("y6748d0m","dx3e0qjl"),
	("y969vlny","v814ln38"),
	("mkeq97lm","1xy5dwm8"),
	("y4gxjndy","1xykegy8"),
	("zx6ervqz","dx3321qx"),
	("yl7698km","x7q3m2r8"),
	("yl4n5rkm","kj9pprvx"),
	("mr6vd2dm","zx7gd5yx"),
	("9men6e9m","dx3q65ej"),
	("zxn86egm","jn9er1dx"),
	("zqv8nk1m","8d33o99x"),
	("y96748ey","8vkr1yyj"),
	("yv348g8z","zxz34n8q"),
	("zxnvn7km","jpr3e108"),
	("pzg8rr0y","kj92dpw8"),
	("z51ojndm","48ge6v7j"),
	("2ywjod9z","qj2yq0n8"),
	("y9vpk42m","j0gld99x"),
	("zn862r7z","zxz9pr98"),
	("ylro7pny","y8dzdngj"),
	("z500j0ny","j2y2lpn8"),
	("znrqo47y","1xyrv0mj"),
	("y96nrqny","jmpm7eoj"),
	("z13er0wm","v8l6wo78"),
	("zx8p7r8m","68w2nyq8"),
	("pm3dlnqz","68wky238"),
	("z0o3xd8z","xkoqml68"),
	("m79rl94y","y8d3odox"),
	("y25p5q5y","zx7y7kqx"),
	("yd32r8vz","dx395m6x"),
	("0y6nvdpz","48grmppx"),
	("7z0d4xoy","7j4o0v81"),
	("ywvk4j0z","j06kr44j"),
	("y97e5jem","e8eel3o8"),
	("ylovqpxy","8wl97e3j"),
	("z5x5xkey","86367rw8"),
	("y25dox7y","18q53zw8"),
	("mrqkx97y","qj2ql17j"),
	("dy45g2km","98rp7gj1"),
	("y8vj8pxz","7j4nezwx"),
	("y6o08nqy","j51y59g8"),
	("yw3lqwpm","98rpeqj1"),
	("znrg7jly","qjozdqe8"),
	("z15po7ry","zx736eqj"),
	("y236e7wm","qjn3w4qx"),
	("meo3vv0z","pj00dl3j"),
	("zp0ex58m","0jmozqe8"),
	("2ywp0gnz","kv81dl8p"),
	("m7qvqgwz","18qmpmqx"),
	("z0756pey","j0no1wr8"),
	("zgn3x6jy","e8ewe768"),
	("oy26ok7m","0jm7zzj1"),
	("7z0437ey","1xyd2zxr"),
	("z06pdlez","jnz30l1j"),
	("m72w9rwz","68w1gkvx"),
	("y8e6k9ny","x3qzvvqj"),
	("z5ergrjz","x76kvdyj"),
	("m3no5nwy","qjo1dr7x"),
	("yl9g3rny","zxz0m798"),
	("zn0l9w8y","1xyy9oyx"),
	("m7934e9y","5j5e7p6j"),
	("1zq6eg8y","68wov53j"),
	("mrk7157y","5j5qponj"),
	("yjkvrw7m","e8ewwd80"),
	("yvgx99xy","v8lzllvx"),
	("z0en11om","kj95nov8"),
	("y42wkwqm","8144mgl8"),
	("yvoqxg8z","jpm9m30j"),
	("y96lrrvy","8w9o633j"),
	("yo4egv7m","o86w0yqx"),
	("zn74q63m","j0v55r9x"),
	("y4qw7v3m","j039049j"),
	("m3lrgoqm","kjpknr2x"),
	("y2ewek5y","7j4erplx"),
	("yd1v96jy","zxz7znrj"),
	("yojjgojm","7j4v05vj"),
	("y2er3o5y","8wk32zl8"),
	("m35qpegy","98rkqeqx"),
	("yv893r6m","e8eed6o8"),
	("y2jvq9wz","8r21v7dx"),
	("z5r5rojy","y8dkqgj6"),
	("z519n9gm","pj04do9x"),
	("yw1nk32z","18qq9w8n"),
	("zg231xvy","1xy5dwm8"),
	("m762o60y","xymmpmzx"),
	("y95vnj2z","18q50w08"),
	("mro2wl7m","y8dpwv58"),
	("zpgg7e8z","7j4w30vx"),
	("m7p0v50m","68wpllxg"),
	("z5eodnnz","jopk5gnx"),
	("z1pdokgz","5j5zrmwj"),
	("yo47ekjm","98r77gj1"),
	("yd5lgexm","48gl73yx"),
	("yjl7odoz","zxz9k7n8"),
	("0znd6g8m","48gq2yjp"),
	("y80kee1m","jm3ddpz8"),
	("yw1ndl3z","qjn3o41x"),
	("zgq901ey","pj034mwj"),
	("yjdej17y","x72o1ry8"),
	("zxdgo65y","y8dzdngj"),
	("zgr9el0m","8d33o99x"),
	("y890611m","48g57npj"),
	("7z082djm","dx3q65ej"),
	("oy2vwv6z","qxk4r9j0"),
	("z03v27oz","zxz34n8q"),
	("me6k16qz","jn3g022x"),
	("7yl6el3y","kj92dpw8"),
	("yo3kg40y","zxz9pr98"),
	("9yoo5n5y","qxk4gp9j"),
	("z5xvdpny","0jmndlex"),
	("y430qvdz","zx7ez668"),
	("oy2vdejz","68wky238"),
	("zxvn6e5y","kjpw10xq"),
	("8m7odk4y","7j4o0v81"),
	("mrkq2e8y","y8dp2zl8"),
	("zpgpqqgz","18q0y3dj"),
	("zpg3o78z","v8139ylx"),
	("zggjr5vz","qjn6yyqx"),
	("y650376z","pj00dl3j"),
	("mk4oox5y","e8eel3o8"),
	("m799q64y","1xyd2zxr"),
	("yvowqx4z","68w2nyq8"),
	("yjlp5n3z","zx7y7kqx"),
	("zq037d5y","xkoqml68"),
	("z1jg0ewz","dx395m6x"),
	("mkv8nr3y","8rlqoeg8"),
	("z0er91em","kj9zdv84"),
	("me1qg73y","8vkr1yyj"),
	("yol3r31y","jmpm7eoj"),
	("yvgkej6y","18q53zw8"),
	("z01jopoy","o86y2m5j"),
	("z03x0v8z","zxz0m798"),
	("zpd1vgnz","86367rw8"),
	("8y8q0v5y","48gemy2j"),
	("zn888o7z","1xy30zjr"),
	("y97v91em","qjn3w4qx"),
	("z13rx7rm","0jm0lwy8"),
	("pyd785jy","68wk4ov8"),
	("z06np7ez","xy5n43n8"),
	("y6l84wqy","5j5qponj"),
	("zpr3o5gm","zx736eqj"),
	("y6n3w1jz","8gek471j"),
	("zgk5devy","1xyrqdwj"),
	("zno0o07y","8enekkp8"),
	("yv0ed5oz","8q3vd3qj"),
	("zq3xew9y","18qvvmox"),
	("y8q0761y","18vr0m5x"),
	("y2jw1d5z","7j4v05vj"),
	("ywvxxg0z","kjpknr2x"),
	("mr7v7e2z","48gl73yx"),
	("zgq35rdy","pj00dl3j"),
	("y6odxl0y","8l4oo3rj"),
	("yjxqo33z","y8dkqgj6"),
	("m3nq56gy","zxz9k7n8"),
	("zn35603y","18q50w08"),
	("z1o280rm","pj04do9x"),
	("z0nr778m","j23we0lx"),
	("zn4o8l8m","qjn3o41x"),
	("y4502wqm","18qq9w8n"),
	("z0nd579m","5j5zrmwj"),
	("y88lerdy","jmpm7eoj"),
	("y972xvkm","98r77gj1"),
	("oy2nd29y","qxk4gp9j"),
	("yojvg4dm","qxkq11kx"),
	("ywv35v9z","e8eed6o8"),
	("ywjw1q2z","zx7y7kqx"),
	("y2q6o79y","zxzzde0x"),
	("yo4kq15m","zxzq79xq"),
	("yj5npkdm","8wk32zl8"),
	("9yookrjy","qj2yq0n8"),
	("y82r5qdy","7j4erplx"),
	("ydqq6evm","dx3q65ej"),
	("ydqoovqm","68wpllxg"),
	("wzp26vny","qxkowo68"),
	("znj2077m","jm3ddpz8"),
	("y6p9g10m","5j5q53nj"),
	("y23o8ejm","kjp6ld08"),
	("zxl16r5z","j4q746lx"),
	("m78dn20z","jop2ee7x"),
	("ylkep7kz","qxkqd02x"),
	("8m704k5y","kj92dpw8"),
	("8m7k524z","0jmozqe8"),
	("yo29pd0z","qjnd148m"),
	("y21g6k5z","y8dzdngj"),
	("kz52px5z","7j4o0v81"),
	("zgnd7eny","18qon27j"),
	("mrkn398y","5j5qponj"),
	("ywq5op9y","jmlogko8"),
	("yor1851y","8r7n2gqj"),
	("y91go3vm","zx736eqj"),
	("yvgnj58y","18q3o3dj"),
	("z15rw6gy","98rkqeqx"),
	("zx8vv7qm","jn9w13dx"),
	("yd0nrkjz","dx3vr2e8"),
	("z0nl8rjm","pj04do9x"),
	("y2je2l5z","xkoqopk8"),
	("zp3xgxnm","18qq9w8n"),
	("m77jl9wm","7j4v05vj"),
	("ywqnj40y","48gev1rj"),
	("y8xngrnm","zxz7znrj"),
	("yopdd2jm","qxk4gp9j"),
	("z0oqpk8z","7j4erplx"),
	("z5jeq5jm","qxkq11kx"),
	("y95jgjez","18q50w08"),
	("yw1gg03z","kjpw10xq"),
	("zxvl988y","qjn3o41x"),
	("y9xqvgny","kjpknr2x"),
	("z52qr3jz","5j5zrmwj"),
	("zqedv1xz","jm3ddpz8"),
	("emk191xy","qj2yq0n8"),
	("znj29q8m","e8eed6o8"),
	("yokr1w0z","y8dzdngj"),
	("zgwlv6vy","48gl73yx"),
	("z07pl54y","jmol06y8"),
	("0y6qo90z","kj92dpw8"),
	("z15ld3wy","pj00dl3j"),
	("y274x69z","8wk32zl8"),
	("y8q29q1y","48g57npj"),
	("ylq69grz","5j5qponj"),
	("yw8jnj0y","18q3o3dj"),
	("mrnr4l8y","j2yp3oo8"),
	("z05odpem","zx736eqj"),
	("y93g1l2y","pj04do9x"),
	("mk5e551m","18qq9w8n"),
	("meev0q9m","jm3ddpz8"),
	("zq9l3r1y","kjpknr2x"),
	("zp9vw2xm","5j5zrmwj"),
	("z01gpkey","y8dzdngj"),
	("me8v4vqm","kj92dpw8"),
	("yd38eqqz","w98rqqx1"),
	("yo2v6v1z","qxkowo68"),
	("z5xlrxjy","0jm763yj"),
	("mk9l543z","1xyrqdwj"),
	("z11dx3jz","0jm7zzj1"),
	("y2e9e35y","kjpknr2x"),
	("mkgr873y","pj04do9x"),
	("y2vp955z","pj00dl3j"),
	("zqedxd8z","5j5zrmwj"),
	("yj51v87m","y8dzdngj"),
	("zn3ld38y","x7q3m2r8"),
	("y96j262y","jm3ddpz8"),
	("y6l02v0y","w98rqqx1"),
	("y2j0r39z","18qq9w8n"),
	("zg2dwrdy","7j4v05vj"),
	("y6xv01jy","zxz9k7n8"),
	("yvodo38z","18qpr7wx"),
	("yj8pojom","zxz7znrj"),
	("z0lj06jz","48gl73yx"),
	("y82v1gny","kj9pprvx"),
	("zq911exy","jmo2gqn8"),
	("y9x05vky","1xykegy8"),
	("mk25d0xm","1xy5qvy8"),
	("y8d41p1z","1xy5dwm8"),
	("y929gkvz","kjpw10xq"),
	("y8x4gnxm","jp47mv5j"),
	("z5v9xlem","98rllww8"),
	("7z04dpjy","qxk4gp9j"),
	("mre9og8y","o86y2m5j"),
	("yod9k4jm","j4qq22dx"),
	("m31kn9dz","qxkvvl9j"),
	("zgw5gpvy","j4rw2el8"),
	("y8q2wk1y","qxk4r9j0"),
	("y41wkd2y","qxkk3z7x"),
	("y6lg2ppy","v8lnqnvx"),
	("z0nn02em","jnp5m048"),
	("yjk32x3m","qjn3o41x"),
	("yl0l81ry","18v56wyj"),
	("emk6575z","qxko7m28"),
	("ydwnv7xm","j2yvvp68"),
	("z13o777m","dx3q65ej"),
	("ywj5p39z","kjpknr2x"),
	("z09x489z","dx3321qx"),
	("y8q4e5xy","kjp6ld08"),
	("yolpv5jy","v814ln38"),
	("mk4qrn3y","48g57npj"),
	("z510vkjm","7j4erplx"),
	("yl9pln2y","48gq2yjp"),
	("znrjv33y","y8dz6o5j"),
	("ydgd5dvy","jm3ddpz8"),
	("z0lnjgoz","5j5zrmwj"),
	("yjg2kwny","18v0n7ex"),
	("m7g805wm","1xy1eezx"),
	("zgwxk5vy","y8dzdngj"),
	("y60vwjpy","xkoqml68"),
	("y90ngn2y","zx7y7kqx"),
	("zxkj70qm","pj00dl3j"),
	("yorv9k1y","8lppwv7j"),
	("mrrx404m","pj034mwj"),
	("zq74x59m","v81mr1r8"),
	("kz5q9qgz","dx3q6kjl"),
	("y9lxjpey","8e6kgn7j"),
	("m7618p9y","8vkr1yyj"),
	("7yl138xm","wzx7dyx7"),
	("y41gj02y","y8dmq4m8"),
	("zq31p69y","o867o33j"),
	("zqvn7rrm","8wk32zl8"),
	("zg7dkd0z","qxkqd02x"),
	("zgnx1ody","qjoo9w0j"),
	("yl998qxy","qjorglj6"),
	("yd98op0z","xk41ey2j"),
	("1zqgpv5m","y8dw35gj"),
	("y99gg5vy","xylr61wj"),
	("mr8pg9dy","dx3v3328"),
	("z18oprgy","0jm763yj"),
	("zn0665vy","8144mgl8"),
	("zxo2vrgz","jpmy704j"),
	("yw6vr3pm","8v5044vj"),
	("zx4ge1ey","5j5qy4nj"),
	("pzgqg1vy","98r77gj1"),
	("6yje4j7m","zxz94048"),
	("z5odnpny","18qon27j"),
	("8m7ne74z","48grvg2x"),
	("dy4ke6nm","kj92dpw8"),
	("0zn11o7m","zxz70rjq"),
	("z0e7nqom","1xym91vx"),
	("8m75wgez","v8l0rn28"),
	("y23x1q5m","1xyrqdwj"),
	("z01x2q9y","zx736eqj"),
	("yvgg6ooy","v8l4wm2j"),
	("z01eln4y","7j4nezwx"),
	("m3rov1dm","qjo7pv7x"),
	("m7qr409z","qxkz9l6x"),
	("zpq4rn8y","1xyqzwv8"),
	("z0ex40om","18vr0m5x"),
	("znr0kn8y","e8eq1n28"),
	("z0lqgl8z","j5qpvvqj"),
	("meke522m","18v7nv28"),
	("9yo00p5y","qxko92k8"),
	("zxvrgoqy","qjn3w4qx"),
	("jy9goe2m","1xy30zjr"),
	("znkg2n8z","v8l14mvj"),
	("0zn2889z","18q5wo8n"),
	("y4g7wwny","e8ekz628"),
	("yoj4w30m","kjp66408"),
	("z13v1djm","18q3o3dj"),
	("yojkde5m","v8lwmylx"),
	("yv3gp48z","zxz0m798"),
	("m791pkwy","68wk4ov8"),
	("emk2l3xm","0jmmd4j1"),
	("zgp08wdz","j4vqle5j"),
	("wzpqg18y","48ge151j"),
	("yv050nxz","7j4v05vj"),
	("yw6483pm","1xykegy8"),
	("mrrljqdm","5j5zrmwj"),
	("yle8jrrz","48gl73yx"),
	("y939o4vy","zxz7znrj"),
	("m75pn4ez","18qq9w8n"),
	("mk2vkklm","zxz9k7n8"),
	("m3192odz","18qpr7wx"),
	("zqg8wq5m","dx3321qx"),
	("znk0ovvz","kj9pprvx"),
	("mkk835vm","jp47mv5j"),
	("yojv8p1m","qxkk3z7x"),
	("m33dj6gm","j2yvvp68"),
	("zqrpkx9y","v8lnqnvx"),
	("y80jgewm","jm3ddpz8"),
	("y9090wny","jmo2gqn8"),
	("m31lo44z","y8dz6o5j"),
	("zn4908vm","98rllww8"),
	("yd086vxz","zx7y6lvx"),
	("yod09n5m","8r21v7dx"),
	("y6dd1gjm","8v5r4zej"),
	("m729q99z","8vkr1yyj"),
	("yd5xgvwm","1xyrv0mj"),
	("m3gkdogz","zx736eqj"),
	("yokwpdjz","v81m2wl8"),
	("y8vj26xz","qjo1dr7x"),
	("y4e9lw3m","48gwoe7j"),
	("z5e2265z","7j4v05vj"),
	("z093dgez","18qq9w8n"),
	("zxg4xjqy","zxz9k7n8"),
	("7z047jey","qjn3o41x"),
	("m7w4n5ez","48gl73yx"),
	("zn3ew93y","1xykegy8"),
	("1zqpjq5m","kjpw10xq"),
	("2ywdj80z","qxk4gp9j"),
	("6yj6xlgz","w98rqqx1"),
	("m36p996m","pj00dl3j"),
	("z15drk9y","y8dzdngj"),
	("pzgw1dny","qxk4r9j0"),
	("zx4gd7ky","5j5q53nj"),
	("zg73ov0z","48g57npj"),
	("kz5rn9jy","zxz70rjq"),
	("yv13npey","pj04do9x"),
	("yloq2n3y","zx7y7kqx"),
	("9yo3rkdy","v8l0rn28"),
	("pm3d2ggz","1xy25w8r"),
	("yok6107z","98rllww8"),
	("pm3r4w4m","7j4o0v81"),
	("y4w72o2m","jmo2gqn8"),
	("znkqnq8z","0jm763yj"),
	("ywv0l79z","v814ln38"),
	("y67g34qm","18q3o3dj"),
	("yd65n6qz","48g067xp"),
	("mro4xv7m","8q6k737j"),
	("yjdw6o7y","v81mr1r8"),
	("nz1jd57z","0jmmd4j1"),
	("ydqq52xm","68wk4ov8"),
	("zgxj3dnm","qjowvn86"),
	("yl9p21ny","18vr0m5x"),
	("yj8gwkdm","7j4v05vj"),
	("me68w53z","18qq9w8n"),
	("m72qr24z","5j5zrmwj"),
	("z52k79gz","zxz9k7n8"),
	("zn8kx49z","qjn3o41x"),
	("mk8dl05m","1xykegy8"),
	("jy93qdky","qxk4gp9j"),
	("z1gno19z","j2yvvp68"),
	("meo8odqz","y8dzdngj"),
	("1zxp0x8y","w98rqqx1"),
	("y208d57m","x7q3m2r8"),
	("zpr272nm","98rllww8"),
	("pm3g654z","zxz70rjq"),
	("znrgv68y","qxkvvl9j"),
	("zq68o45y","48g57npj"),
	("zn89323z","18q3o3dj"),
	("mrn92q8y","j2yp3oo8"),
	("z0n529em","7j4v05vj"),
	("znj78x9m","5j5zrmwj"),
	("z0pnqqey","48gl73yx"),
	("y2pv2q7z","y8dzdngj"),
	("zq7g83rm","j2yp3oo8"),
	("mkv9g53y","5j5zrmwj"),
	("z0proqey","zxz9k7n8"),
	("znrxjw3y","18qq9w8n"),
	("me4609qy","y8dzdngj"),
	("m3361v6m","pj00dl3j"),
	("6yj13p7y","w98rqqx1"),
	("yd6wj4xz","o86y2m5j"),
	("9mr1no8z","zxz70rjq"),
	("9mrqo12y","qxk4gp9j"),
	("zgqe5wjy","xk456q9j"),
	("mr6g1n4m","v81m2wl8"),
	("z0lj829z","kj9y7y7x"),
	("zq36d61y","18v5zzej"),
	("m3381lqm","xkoqml68"),
	("m35q52wy","18qdld7x"),
	("mro4oe8m","8vkr1yyj"),
	("yvg57j6y","o86pmm5j"),
	("yv087l4z","kjpknr2x"),
	("z09qjxoz","zx7y7kqx"),
	("ywj4p30z","jopk5gnx"),
	("m76p2nwy","48gl73yx"),
	("mkv3x9vy","48grmppx"),
	("mkk2jg1m","qj237plx"),
	("me4vk99y","dx3321qx"),
	("mre9wddy","o86y2m5j"),
	("y65rw0jz","v813y3xp"),
	("zqw7g91z","zxz7znrj"),
	("zp03kg8m","e8eel3o8"),
	("m3d2p4qz","48gq2yjp"),
	("pzgdvenz","qjn232jm"),
	("y9lxejvy","48gq2yjp"),
	("ydw06ejm","qxk4r9j0"),
	("z18460ry","o86pmm5j"),
	("yjk8lkom","v81m2wl8"),
	("mrqp808y","pj034mwj"),
	("zq345r1y","18v737e8"),
	("y472xrky","zx7q4w08"),
	("zxnxo25m","kj92dpw8"),
	("z0p70q4y","8l0kq6r8"),
	("mk3gd63z","8wk32zl8"),
	("8m7nljwz","68w1gkvx"),
	("yv95604z","5j5ovqzx"),
	("z5ed41nz","qjopv00x"),
	("zxd72key","18qdld7x"),
	("zgpd10dz","48g47228"),
	("mr7knq8z","jmpm7eoj"),
	("y451vqkm","0jm763yj"),
	("z18x769y","x72o1ry8"),
	("z50x7j5y","8qremdqj"),
	("y89o4r5m","18q3o3dj"),
	("yl799okm","48g47228"),
	("zn1dr3lm","8gelm62j"),
	("z51dvkjm","xkoqml68"),
	("znr6507y","zxz0m798"),
	("zgwq1n0y","jn9er1dx"),
	("1zqrr4ry","zx736eqj"),
	("y65x581z","1xyr7mzj"),
	("yj1800dy","y8dzdngj"),
	("kz5oergy","zx7y7kqx"),
	("y69n4nqy","48grmppx"),
	("0zn3733y","j9257no8"),
	("dy47kj2y","zx7dzrx7"),
	("znrgdk8y","j0n11038"),
	("8y89xkdm","7j4o0v81"),
	("y43j45kz","xyr7kkwj"),
	("8y8n89xy","zx736eqj"),
	("mexnw40z","18q3o3dj"),
	("mkdwdexy","xk456q9j"),
	("m3l68ndm","v81m2wl8"),
	("zg2r920y","kj9y7y7x"),
	("zxd8g08y","1xyrv0mj"),
	("meevlx3m","18v5zzej"),
	("z0lw414z","v81m2wl8"),
	("z5x547gy","zxz7znrj"),
	("yvo4prxz","v81m2wl8"),
	("y25j945y","qxk4r9j0"),
	("mr9x7jdm","dx3321qx"),
	("z1qkokwy","18qdld7x"),
	("m7wqp6ez","zx7y7kqx"),
	("z5r475jy","8wko2zv8"),
	("z01d604y","jopk5gnx"),
	("yjlp5o7z","48g47228"),
	("meoe3j0z","18qdld7x"),
	("z5ejgvjz","48grmppx"),
	("yl9grjny","zxz7znrj"),
	("ywkwxn3y","o86pmm5j"),
	("m3x94gwm","v81m2wl8"),
	("zx7xd8ky","8vkr1yyj"),
	("zp042pxm","qjopv00x"),
	("m7g6ov9m","xkoqml68"),
	("yvg7744y","v81m2wl8"),
	("zx89r2qm","18qq9w8n"),
	("z5j5085m","86v0gewj"),
	("yodvgk7m","e8eel3o8"),
	("zgw0nwny","zx7y7kqx"),
	("zpdnel8z","48grmppx"),
	("zq9kow5y","48gq2yjp"),
	("zgvpo0jz","v81m2wl8"),
	("znqwl38z","68wky238"),
	("zx89rdqm","0jm133zj"),
	("mkdln8vy","v81m2wl8"),
	("yl13wkkm","zxz9k7n8"),
	("zxngdegm","8l0kq6r8"),
	("yjgn36ny","v81m2wl8"),
	("mkgjv15y","kj95nov8"),
	("yodvg37m","v81m2wl8"),
	("y4xnnj3z","xk456q9j"),
	("zggjrgjz","v81m2wl8"),
	("zx88q3qm","18qdld7x"),
	("y91elqkm","o86pmm5j"),
	("z5vxk0em","v81m2wl8"),
	("zpd7nxgz","pj00dl3j"),
	("y4qg5dnm","5j5q53nj"),
	("m33l06wm","xkoqml68"),
	("zn7e129m","xz9vo3e8"),
	("zx6gn68z","8r2pozgx"),
	("y6l53jjy","18qdld7x"),
	("z510qlgm","48g47228"),
	("z06kq6ez","zxzzde0x"),
	("8y8j6edz","e8eel3o8"),
	("znjo469m","48g47228"),
	("zgqdoqny","qjn232jm"),
	("zqe42d9z","jmpm7eoj"),
	("yjd8el7y","x33g12kx"),
	("yvjoqv8y","8r3gn5q8"),
	("z0pr9vjy","xkoqml68"),
	("0y6rnrpy","8gelm62j"),
	("z037oqjz","kj9zdv84"),
	("yd00opjz","18vmpe8l"),
	("m3re75gm","y8dnz29j"),
	("1zxqw8km","v814vy58"),
	("7z0395ez","1xyr7mzj"),
	("y412wpny","jn31q0qx"),
	("y8xgrexm","xk456q9j"),
	("y8jw4n1z","v81m2wl8"),
	("z09rgroz","18qdld7x"),
	("zq4j2l9m","18qdld7x"),
	("y4567lnm","48g47228"),
	("mkv50pvy","18v737e8"),
	("1zq0v28y","xkoqml68"),
	("y27we8jz","qjn232jm");

INSERT INTO Moderator VALUES
	("super-moderator","nd2egvd0","48g5e47j"),
	("super-moderator","nd2egvd0","qxk03em8"),
	("super-moderator","nd2egvd0","kjpgz7kj"),
	("super-moderator","nd2egvd0","zxzd590j"),
	("super-moderator","nd2egvd0","y8d2k4lj"),
	("moderator","nd2egvd0","8v56pl2j"),
	("moderator","nd2egvd0","xz9vvz08"),
	("super-moderator","nd2egvd0","8wllnovj"),
	("moderator","nd2egvd0","jp496qyj"),
	("moderator","nd2egvd0","jnz0z2dj"),
	("super-moderator","nd2egvd0","8enyo5o8"),
	("super-moderator","nd2egvd0","j5veyzg8"),
	("super-moderator","4d79zg17","v8lp532j"),
	("super-moderator","4d79zg17","48g5e47j"),
	("super-moderator","4d79zg17","zxzd590j"),
	("moderator","4d79zg17","8v56pl2j"),
	("moderator","4d79zg17","xz9vvz08"),
	("super-moderator","4d79zg17","x3q37qqj"),
	("super-moderator","4d79zg17","8vk0n12j"),
	("moderator","4d79zg17","jnz0z2dj"),
	("super-moderator","9d3rkgdl","v8lp532j"),
	("super-moderator","9d3rkgdl","48g5e47j"),
	("super-moderator","9d3rkgdl","zxzd590j"),
	("moderator","9d3rkgdl","8v56pl2j"),
	("super-moderator","9d3rkgdl","j4rwv2m8"),
	("moderator","9d3rkgdl","xz9vvz08"),
	("moderator","9d3rkgdl","jnz0z2dj"),
	("super-moderator","o1y9526q","48g5e47j"),
	("super-moderator","o1y9526q","zxzd590j"),
	("moderator","o1y9526q","8v56pl2j"),
	("moderator","o1y9526q","xz9vvz08"),
	("super-moderator","o1y9526q","8wllnovj"),
	("super-moderator","o1y9526q","x3q37qqj"),
	("moderator","o1y9526q","jnz0z2dj"),
	("moderator","y655j36e","v814ln38"),
	("moderator","y655j36e","1xyrv0mj"),
	("super-moderator","y655j36e","98rllww8"),
	("moderator","y655j36e","zx7y6lvx"),
	("moderator","y655j36e","jmol06y8"),
	("moderator","y655j36e","8wk32zl8"),
	("super-moderator","w6j7046j","1xyrv0mj"),
	("moderator","w6j7046j","7j4v05vj"),
	("moderator","w6j7046j","7j4erplx"),
	("moderator","w6j7046j","kjpknr2x"),
	("moderator","w6j7046j","pj04do9x"),
	("moderator","w6j7046j","pj00dl3j"),
	("moderator","kdkm921m","1xyrv0mj"),
	("moderator","kdkm921m","7j4v05vj"),
	("super-moderator","kdkm921m","98rllww8"),
	("moderator","kdkm921m","48gl73yx"),
	("super-moderator","k6qwo06g","1xyrv0mj"),
	("super-moderator","k6qwo06g","kj9y7y7x"),
	("moderator","k6qwo06g","18qdld7x"),
	("moderator","k6qwo06g","xkoqml68");
